IRL, T, +-, T-S, +-, K, +-, D/K, +-
2, 3.623E-17, 1.6%, 3.370E-17, 1.6%, 1.284E-16, 2.4%, 2.821E-01, 2.9%
3, 6.842E-17, 1.0%, 6.373E-17, 1.0%, 1.237E-16, 2.4%, 5.531E-01, 2.6%
4, 8.533E-17, 0.9%, 7.954E-17, 0.9%, 1.227E-16, 2.4%, 6.955E-01, 2.6%
5, 9.615E-17, 0.8%, 8.967E-17, 0.8%, 1.194E-16, 2.5%, 8.052E-01, 2.6%
6, 1.035E-16, 0.8%, 9.656E-17, 0.8%, 1.203E-16, 2.5%, 8.601E-01, 2.6%
7, 1.086E-16, 0.8%, 1.013E-16, 0.8%, 1.125E-16, 2.5%, 9.654E-01, 2.6%
8, 1.101E-16, 0.8%, 1.027E-16, 0.8%, 1.132E-16, 2.5%, 9.725E-01, 2.7%
9, 1.105E-16, 0.8%, 1.031E-16, 0.8%, 1.180E-16, 2.5%, 9.361E-01, 2.6%
10, 1.147E-16, 0.8%, 1.070E-16, 0.8%, 1.196E-16, 2.5%, 9.589E-01, 2.6%
11, 1.137E-16, 0.8%, 1.061E-16, 0.8%, 1.142E-16, 2.6%, 9.961E-01, 2.7%
12, 1.146E-16, 0.8%, 1.069E-16, 0.8%, 1.128E-16, 2.5%, 1.016E+00, 2.7%
13, 1.138E-16, 0.8%, 1.062E-16, 0.8%, 1.137E-16, 2.5%, 1.001E+00, 2.6%
14, 1.142E-16, 0.8%, 1.066E-16, 0.8%, 1.171E-16, 2.5%, 9.754E-01, 2.6%
15, 1.115E-16, 0.8%, 1.040E-16, 0.8%, 1.086E-16, 2.6%, 1.027E+00, 2.7%
16, 1.125E-16, 0.8%, 1.049E-16, 0.8%, 1.077E-16, 2.6%, 1.044E+00, 2.7%
17, 1.087E-16, 0.8%, 1.014E-16, 0.8%, 1.080E-16, 2.7%, 1.007E+00, 2.8%
18, 1.095E-16, 0.8%, 1.022E-16, 0.8%, 1.102E-16, 2.6%, 9.934E-01, 2.7%
19, 1.070E-16, 0.8%, 9.979E-17, 0.8%, 1.069E-16, 2.6%, 1.001E+00, 2.8%
20, 1.060E-16, 0.8%, 9.886E-17, 0.8%, 1.066E-16, 2.6%, 9.940E-01, 2.7%
21, 1.064E-16, 0.8%, 9.926E-17, 0.8%, 1.047E-16, 2.7%, 1.016E+00, 2.8%
22, 1.056E-16, 1.2%, 9.847E-17, 1.2%, 1.047E-16, 4.5%, 1.008E+00, 4.6%
23, 1.033E-16, 1.2%, 9.641E-17, 1.2%, 1.029E-16, 4.7%, 1.004E+00, 4.8%
24, 1.051E-16, 1.2%, 9.808E-17, 1.2%, 1.082E-16, 4.6%, 9.719E-01, 4.8%
25, 1.023E-16, 1.2%, 9.542E-17, 1.2%, 1.113E-16, 4.5%, 9.190E-01, 4.6%
26, 1.031E-16, 1.2%, 9.614E-17, 1.2%, 1.019E-16, 4.7%, 1.012E+00, 4.8%
27, 1.043E-16, 1.2%, 9.723E-17, 1.2%, 1.014E-16, 4.5%, 1.028E+00, 4.7%
28, 1.017E-16, 1.2%, 9.493E-17, 1.2%, 9.304E-17, 4.7%, 1.093E+00, 4.8%
29, 1.025E-16, 1.2%, 9.563E-17, 1.2%, 1.027E-16, 4.5%, 9.984E-01, 4.7%
30, 9.925E-17, 1.2%, 9.257E-17, 1.2%, 9.720E-17, 4.7%, 1.021E+00, 4.8%
31, 1.004E-16, 1.2%, 9.364E-17, 1.2%, 9.764E-17, 4.6%, 1.028E+00, 4.8%
32, 9.977E-17, 1.2%, 9.307E-17, 1.2%, 1.010E-16, 4.6%, 9.881E-01, 4.7%
33, 1.010E-16, 1.2%, 9.418E-17, 1.2%, 1.033E-16, 4.5%, 9.770E-01, 4.7%
34, 1.013E-16, 1.2%, 9.449E-17, 1.2%, 9.823E-17, 4.7%, 1.031E+00, 4.9%
35, 1.014E-16, 1.2%, 9.464E-17, 1.2%, 1.015E-16, 4.5%, 9.990E-01, 4.7%
36, 9.882E-17, 1.2%, 9.220E-17, 1.2%, 8.767E-17, 4.7%, 1.127E+00, 4.9%
37, 1.014E-16, 1.2%, 9.454E-17, 1.2%, 1.002E-16, 4.7%, 1.011E+00, 4.8%
38, 1.009E-16, 1.2%, 9.410E-17, 1.2%, 9.906E-17, 4.6%, 1.018E+00, 4.8%
39, 1.024E-16, 1.2%, 9.553E-17, 1.2%, 1.015E-16, 4.5%, 1.009E+00, 4.7%
40, 1.012E-16, 1.2%, 9.433E-17, 1.2%, 1.034E-16, 4.7%, 9.783E-01, 4.9%
41, 1.047E-16, 1.2%, 9.764E-17, 1.2%, 1.042E-16, 4.7%, 1.005E+00, 4.8%
42, 9.680E-17, 0.8%, 8.989E-17, 0.8%, 9.561E-17, 2.1%, 1.012E+00, 2.2%
43, 9.563E-17, 0.8%, 8.880E-17, 0.8%, 9.411E-17, 2.1%, 1.016E+00, 2.2%
44, 9.338E-17, 0.8%, 8.672E-17, 0.8%, 9.443E-17, 2.1%, 9.889E-01, 2.2%
45, 9.221E-17, 0.8%, 8.562E-17, 0.8%, 9.163E-17, 2.1%, 1.006E+00, 2.2%
46, 9.130E-17, 0.8%, 8.479E-17, 0.8%, 9.037E-17, 2.1%, 1.010E+00, 2.2%
47, 8.937E-17, 0.8%, 8.300E-17, 0.8%, 8.837E-17, 2.1%, 1.011E+00, 2.3%
48, 8.816E-17, 0.8%, 8.189E-17, 0.8%, 8.955E-17, 2.1%, 9.845E-01, 2.3%
49, 8.742E-17, 0.8%, 8.118E-17, 0.8%, 8.491E-17, 2.1%, 1.030E+00, 2.3%
50, 8.637E-17, 0.8%, 8.021E-17, 0.8%, 8.787E-17, 2.2%, 9.828E-01, 2.3%
51, 8.478E-17, 0.8%, 7.873E-17, 0.8%, 8.348E-17, 2.2%, 1.016E+00, 2.3%
52, 8.356E-17, 0.8%, 7.761E-17, 0.8%, 8.227E-17, 2.2%, 1.016E+00, 2.3%
53, 8.254E-17, 0.8%, 7.667E-17, 0.8%, 7.916E-17, 2.3%, 1.043E+00, 2.4%
54, 8.242E-17, 0.8%, 7.655E-17, 0.8%, 8.405E-17, 2.2%, 9.806E-01, 2.4%
55, 8.052E-17, 0.8%, 7.478E-17, 0.8%, 8.077E-17, 2.3%, 9.970E-01, 2.4%
56, 7.924E-17, 0.8%, 7.360E-17, 0.8%, 7.817E-17, 2.3%, 1.014E+00, 2.5%
57, 7.786E-17, 0.8%, 7.231E-17, 0.8%, 7.859E-17, 2.3%, 9.908E-01, 2.5%
58, 7.738E-17, 0.8%, 7.187E-17, 0.8%, 7.667E-17, 2.3%, 1.009E+00, 2.4%
59, 7.608E-17, 0.9%, 7.065E-17, 0.8%, 7.528E-17, 2.3%, 1.011E+00, 2.5%
60, 7.556E-17, 0.9%, 7.019E-17, 0.9%, 7.202E-17, 2.4%, 1.049E+00, 2.5%
61, 7.331E-17, 0.9%, 6.808E-17, 0.9%, 7.342E-17, 2.4%, 9.985E-01, 2.5%
62, 7.187E-17, 0.9%, 6.675E-17, 0.9%, 7.218E-17, 2.4%, 9.957E-01, 2.6%
63, 7.172E-17, 0.9%, 6.661E-17, 0.9%, 7.321E-17, 2.4%, 9.796E-01, 2.5%
64, 7.196E-17, 0.9%, 6.685E-17, 0.9%, 7.247E-17, 2.4%, 9.930E-01, 2.6%
65, 6.953E-17, 0.9%, 6.459E-17, 0.9%, 7.012E-17, 2.4%, 9.917E-01, 2.6%
66, 6.817E-17, 0.9%, 6.333E-17, 0.9%, 6.806E-17, 2.5%, 1.002E+00, 2.6%
67, 6.871E-17, 0.9%, 6.383E-17, 0.9%, 6.445E-17, 2.5%, 1.066E+00, 2.6%
68, 6.625E-17, 0.9%, 6.154E-17, 0.9%, 6.694E-17, 2.5%, 9.898E-01, 2.7%
69, 6.465E-17, 0.9%, 6.006E-17, 0.9%, 6.595E-17, 2.5%, 9.803E-01, 2.7%
70, 6.422E-17, 0.9%, 5.965E-17, 0.9%, 6.292E-17, 2.5%, 1.021E+00, 2.7%
71, 6.413E-17, 0.9%, 5.956E-17, 0.9%, 6.035E-17, 2.6%, 1.063E+00, 2.8%
72, 6.232E-17, 0.9%, 5.791E-17, 0.9%, 5.970E-17, 2.6%, 1.044E+00, 2.8%
73, 6.063E-17, 1.0%, 5.632E-17, 1.0%, 6.071E-17, 2.6%, 9.986E-01, 2.8%
74, 5.981E-17, 1.0%, 5.556E-17, 1.0%, 5.713E-17, 2.6%, 1.047E+00, 2.8%
75, 5.984E-17, 1.0%, 5.559E-17, 1.0%, 5.868E-17, 2.7%, 1.020E+00, 2.8%
76, 5.865E-17, 1.0%, 5.449E-17, 1.0%, 5.936E-17, 2.7%, 9.879E-01, 2.9%
77, 5.893E-17, 1.0%, 5.475E-17, 1.0%, 5.705E-17, 2.7%, 1.033E+00, 2.9%
78, 5.855E-17, 1.0%, 5.438E-17, 1.0%, 5.846E-17, 2.7%, 1.002E+00, 2.9%
79, 5.669E-17, 1.0%, 5.267E-17, 1.0%, 5.252E-17, 2.8%, 1.079E+00, 3.0%
80, 5.534E-17, 1.0%, 5.142E-17, 1.0%, 5.634E-17, 2.7%, 9.822E-01, 2.9%
81, 5.395E-17, 1.0%, 5.013E-17, 1.0%, 5.342E-17, 2.8%, 1.010E+00, 3.0%
82, 5.507E-17, 1.6%, 5.143E-17, 1.6%, 5.360E-17, 6.4%, 1.028E+00, 6.6%
83, 5.391E-17, 1.6%, 5.031E-17, 1.6%, 5.343E-17, 6.5%, 1.009E+00, 6.7%
84, 5.457E-17, 1.6%, 5.091E-17, 1.6%, 5.894E-17, 6.2%, 9.259E-01, 6.4%
85, 5.375E-17, 1.6%, 5.017E-17, 1.6%, 5.592E-17, 6.3%, 9.611E-01, 6.5%
86, 5.417E-17, 1.6%, 5.055E-17, 1.6%, 5.460E-17, 6.6%, 9.923E-01, 6.8%
87, 5.483E-17, 1.6%, 5.121E-17, 1.6%, 5.793E-17, 6.3%, 9.465E-01, 6.5%
88, 5.481E-17, 1.6%, 5.120E-17, 1.6%, 5.473E-17, 6.5%, 1.001E+00, 6.7%
89, 5.419E-17, 1.6%, 5.055E-17, 1.6%, 5.237E-17, 6.4%, 1.035E+00, 6.6%
90, 5.450E-17, 1.6%, 5.086E-17, 1.6%, 5.009E-17, 6.8%, 1.088E+00, 7.0%
91, 5.347E-17, 1.6%, 4.987E-17, 1.6%, 5.752E-17, 6.7%, 9.296E-01, 6.8%
92, 5.382E-17, 1.6%, 5.023E-17, 1.6%, 5.181E-17, 6.4%, 1.039E+00, 6.6%
93, 5.409E-17, 1.6%, 5.048E-17, 1.6%, 5.398E-17, 6.5%, 1.002E+00, 6.7%
94, 5.194E-17, 1.6%, 4.847E-17, 1.6%, 4.976E-17, 6.9%, 1.044E+00, 7.0%
95, 5.138E-17, 1.6%, 4.798E-17, 1.6%, 5.246E-17, 6.4%, 9.794E-01, 6.6%
96, 5.162E-17, 1.6%, 4.815E-17, 1.6%, 5.484E-17, 6.8%, 9.413E-01, 7.0%
97, 5.149E-17, 1.6%, 4.807E-17, 1.6%, 4.747E-17, 7.0%, 1.085E+00, 7.2%
98, 5.298E-17, 1.6%, 4.941E-17, 1.6%, 4.880E-17, 6.6%, 1.086E+00, 6.8%
99, 5.235E-17, 1.6%, 4.885E-17, 1.6%, 4.536E-17, 6.9%, 1.154E+00, 7.1%
100, 5.114E-17, 1.7%, 4.771E-17, 1.6%, 5.194E-17, 6.6%, 9.845E-01, 6.8%
101, 5.021E-17, 1.7%, 4.688E-17, 1.6%, 4.794E-17, 7.1%, 1.048E+00, 7.3%
102, 5.112E-17, 0.9%, 4.772E-17, 0.9%, 5.169E-17, 3.1%, 9.888E-01, 3.2%
103, 5.043E-17, 0.9%, 4.707E-17, 0.9%, 5.032E-17, 3.1%, 1.002E+00, 3.3%
104, 4.977E-17, 0.9%, 4.645E-17, 0.9%, 4.998E-17, 3.1%, 9.957E-01, 3.2%
105, 4.815E-17, 0.9%, 4.495E-17, 0.9%, 4.880E-17, 3.1%, 9.867E-01, 3.2%
106, 4.748E-17, 0.9%, 4.431E-17, 0.9%, 4.675E-17, 3.2%, 1.016E+00, 3.3%
107, 4.694E-17, 0.9%, 4.379E-17, 0.9%, 4.926E-17, 3.2%, 9.528E-01, 3.3%
108, 4.581E-17, 1.0%, 4.276E-17, 1.0%, 4.286E-17, 3.3%, 1.069E+00, 3.4%
109, 4.555E-17, 1.0%, 4.252E-17, 1.0%, 4.570E-17, 3.2%, 9.966E-01, 3.4%
110, 4.416E-17, 1.0%, 4.122E-17, 1.0%, 4.451E-17, 3.3%, 9.922E-01, 3.5%
111, 4.404E-17, 1.0%, 4.111E-17, 1.0%, 4.393E-17, 3.3%, 1.002E+00, 3.5%
112, 4.279E-17, 1.0%, 3.994E-17, 1.0%, 4.149E-17, 3.4%, 1.031E+00, 3.6%
113, 4.273E-17, 1.0%, 3.988E-17, 1.0%, 4.105E-17, 3.4%, 1.041E+00, 3.5%
114, 4.219E-17, 1.0%, 3.939E-17, 1.0%, 4.180E-17, 3.4%, 1.009E+00, 3.5%
115, 4.064E-17, 1.0%, 3.793E-17, 1.0%, 3.896E-17, 3.5%, 1.043E+00, 3.6%
116, 4.019E-17, 1.0%, 3.751E-17, 1.0%, 3.806E-17, 3.6%, 1.056E+00, 3.7%
117, 3.952E-17, 1.0%, 3.689E-17, 1.0%, 3.997E-17, 3.5%, 9.887E-01, 3.7%
118, 3.845E-17, 1.0%, 3.590E-17, 1.0%, 3.777E-17, 3.7%, 1.018E+00, 3.8%
119, 3.803E-17, 1.0%, 3.550E-17, 1.0%, 3.658E-17, 3.6%, 1.040E+00, 3.8%
120, 3.746E-17, 1.0%, 3.497E-17, 1.0%, 3.806E-17, 3.6%, 9.843E-01, 3.8%
121, 3.679E-17, 1.1%, 3.434E-17, 1.1%, 3.452E-17, 3.7%, 1.066E+00, 3.8%
122, 3.640E-17, 1.1%, 3.397E-17, 1.1%, 3.811E-17, 3.6%, 9.550E-01, 3.8%
123, 3.616E-17, 1.1%, 3.375E-17, 1.1%, 3.588E-17, 3.7%, 1.008E+00, 3.8%
124, 3.566E-17, 1.1%, 3.329E-17, 1.1%, 3.378E-17, 3.8%, 1.055E+00, 4.0%
125, 3.461E-17, 1.1%, 3.231E-17, 1.1%, 3.292E-17, 4.0%, 1.051E+00, 4.1%
126, 3.443E-17, 1.1%, 3.213E-17, 1.1%, 3.170E-17, 3.9%, 1.086E+00, 4.1%
127, 3.370E-17, 1.1%, 3.145E-17, 1.1%, 3.501E-17, 3.8%, 9.625E-01, 3.9%
128, 3.342E-17, 1.1%, 3.120E-17, 1.1%, 3.362E-17, 3.9%, 9.940E-01, 4.0%
129, 3.259E-17, 1.1%, 3.042E-17, 1.1%, 3.137E-17, 3.9%, 1.039E+00, 4.1%
130, 3.243E-17, 1.1%, 3.027E-17, 1.1%, 3.466E-17, 3.9%, 9.356E-01, 4.0%
131, 3.208E-17, 1.1%, 2.995E-17, 1.1%, 3.034E-17, 4.0%, 1.057E+00, 4.2%
132, 3.137E-17, 1.2%, 2.930E-17, 1.1%, 3.235E-17, 4.0%, 9.698E-01, 4.2%
133, 3.130E-17, 1.2%, 2.922E-17, 1.2%, 3.195E-17, 4.0%, 9.799E-01, 4.2%
134, 3.044E-17, 1.2%, 2.842E-17, 1.2%, 2.911E-17, 4.2%, 1.045E+00, 4.3%
135, 2.998E-17, 1.2%, 2.799E-17, 1.2%, 2.941E-17, 4.1%, 1.019E+00, 4.3%
136, 2.924E-17, 1.2%, 2.729E-17, 1.2%, 2.916E-17, 4.1%, 1.003E+00, 4.3%
137, 2.857E-17, 1.2%, 2.667E-17, 1.2%, 2.704E-17, 4.3%, 1.057E+00, 4.5%
138, 2.822E-17, 1.2%, 2.635E-17, 1.2%, 2.769E-17, 4.3%, 1.019E+00, 4.5%
139, 2.763E-17, 1.2%, 2.581E-17, 1.2%, 2.703E-17, 4.3%, 1.022E+00, 4.5%
140, 2.749E-17, 1.2%, 2.567E-17, 1.2%, 2.823E-17, 4.3%, 9.736E-01, 4.5%
141, 2.712E-17, 1.2%, 2.532E-17, 1.2%, 2.744E-17, 4.3%, 9.884E-01, 4.5%
142, 2.672E-17, 1.2%, 2.495E-17, 1.2%, 2.575E-17, 4.5%, 1.038E+00, 4.7%
143, 2.639E-17, 1.2%, 2.464E-17, 1.2%, 2.620E-17, 4.4%, 1.007E+00, 4.6%
144, 2.606E-17, 1.3%, 2.433E-17, 1.3%, 2.658E-17, 4.4%, 9.805E-01, 4.5%
145, 2.547E-17, 1.3%, 2.379E-17, 1.3%, 2.690E-17, 4.4%, 9.466E-01, 4.6%
146, 2.564E-17, 1.3%, 2.393E-17, 1.3%, 2.516E-17, 4.6%, 1.019E+00, 4.7%
147, 2.510E-17, 1.3%, 2.343E-17, 1.3%, 2.484E-17, 4.5%, 1.010E+00, 4.7%
148, 2.513E-17, 1.3%, 2.346E-17, 1.3%, 2.362E-17, 4.5%, 1.064E+00, 4.7%
149, 2.473E-17, 1.3%, 2.309E-17, 1.3%, 2.435E-17, 4.6%, 1.016E+00, 4.7%
150, 2.367E-17, 1.3%, 2.210E-17, 1.3%, 2.225E-17, 4.7%, 1.064E+00, 4.9%
151, 2.327E-17, 1.3%, 2.172E-17, 1.3%, 2.181E-17, 4.9%, 1.067E+00, 5.1%
152, 2.347E-17, 1.3%, 2.192E-17, 1.3%, 2.292E-17, 4.7%, 1.024E+00, 4.9%
153, 2.286E-17, 1.3%, 2.134E-17, 1.3%, 2.136E-17, 4.8%, 1.070E+00, 5.0%
154, 2.294E-17, 1.3%, 2.142E-17, 1.3%, 2.172E-17, 4.7%, 1.056E+00, 4.9%
155, 2.160E-17, 1.4%, 2.017E-17, 1.4%, 2.103E-17, 5.0%, 1.027E+00, 5.2%
156, 2.125E-17, 1.4%, 1.984E-17, 1.4%, 2.114E-17, 5.0%, 1.005E+00, 5.2%
157, 2.176E-17, 1.4%, 2.032E-17, 1.4%, 2.125E-17, 4.9%, 1.024E+00, 5.1%
158, 2.150E-17, 1.4%, 2.007E-17, 1.4%, 2.013E-17, 5.0%, 1.068E+00, 5.1%
159, 2.076E-17, 1.4%, 1.939E-17, 1.4%, 2.047E-17, 4.9%, 1.014E+00, 5.1%
160, 2.055E-17, 1.4%, 1.918E-17, 1.4%, 2.065E-17, 5.0%, 9.950E-01, 5.2%
161, 2.017E-17, 1.4%, 1.884E-17, 1.4%, 2.198E-17, 4.8%, 9.177E-01, 5.0%
162, 1.976E-17, 1.4%, 1.845E-17, 1.4%, 2.060E-17, 5.1%, 9.589E-01, 5.3%
163, 1.950E-17, 1.4%, 1.821E-17, 1.4%, 1.887E-17, 5.2%, 1.034E+00, 5.4%
164, 1.923E-17, 1.5%, 1.796E-17, 1.4%, 1.841E-17, 5.3%, 1.045E+00, 5.5%
165, 1.983E-17, 1.4%, 1.852E-17, 1.4%, 1.925E-17, 5.2%, 1.030E+00, 5.4%
166, 1.882E-17, 1.5%, 1.758E-17, 1.5%, 1.906E-17, 5.1%, 9.879E-01, 5.3%
167, 1.806E-17, 1.5%, 1.686E-17, 1.5%, 1.798E-17, 5.4%, 1.004E+00, 5.6%
168, 1.813E-17, 1.5%, 1.694E-17, 1.5%, 1.608E-17, 5.4%, 1.128E+00, 5.6%
169, 1.766E-17, 1.5%, 1.649E-17, 1.5%, 1.860E-17, 5.4%, 9.493E-01, 5.6%
170, 1.780E-17, 1.5%, 1.662E-17, 1.5%, 1.810E-17, 5.4%, 9.833E-01, 5.6%
171, 1.714E-17, 1.5%, 1.601E-17, 1.5%, 1.607E-17, 5.6%, 1.066E+00, 5.8%
172, 1.693E-17, 1.5%, 1.581E-17, 1.5%, 1.652E-17, 5.6%, 1.024E+00, 5.8%
173, 1.690E-17, 1.6%, 1.579E-17, 1.6%, 1.679E-17, 5.5%, 1.007E+00, 5.7%
174, 1.651E-17, 1.5%, 1.541E-17, 1.5%, 1.698E-17, 5.6%, 9.721E-01, 5.8%
175, 1.666E-17, 1.6%, 1.555E-17, 1.6%, 1.696E-17, 5.6%, 9.822E-01, 5.8%
176, 1.638E-17, 1.6%, 1.530E-17, 1.6%, 1.679E-17, 5.7%, 9.756E-01, 5.9%
177, 1.587E-17, 1.6%, 1.482E-17, 1.6%, 1.552E-17, 5.8%, 1.023E+00, 6.0%
178, 1.553E-17, 1.2%, 1.450E-17, 1.2%, 1.600E-17, 4.0%, 9.701E-01, 4.2%
179, 1.534E-17, 1.2%, 1.432E-17, 1.2%, 1.527E-17, 4.2%, 1.004E+00, 4.4%
180, 1.180E-17, 0.4%, 1.102E-17, 0.4%, 1.169E-17, 1.4%, 1.010E+00, 1.5%
181, 3.577E-19, 0.3%, 3.324E-19, 0.3%, 8.325E-19, 0.3%, 4.296E-01, 0.4%
182, 5.451E-19, 0.2%, 5.073E-19, 0.2%, 8.369E-19, 0.3%, 6.513E-01, 0.4%
183, 6.474E-19, 0.2%, 6.028E-19, 0.2%, 8.304E-19, 0.3%, 7.796E-01, 0.3%
184, 7.109E-19, 0.2%, 6.622E-19, 0.2%, 8.341E-19, 0.3%, 8.524E-01, 0.3%
185, 7.542E-19, 0.2%, 7.025E-19, 0.2%, 8.303E-19, 0.3%, 9.083E-01, 0.3%
186, 7.801E-19, 0.2%, 7.267E-19, 0.2%, 8.285E-19, 0.3%, 9.416E-01, 0.3%
187, 7.965E-19, 0.2%, 7.420E-19, 0.2%, 8.275E-19, 0.3%, 9.626E-01, 0.3%
188, 8.083E-19, 0.2%, 7.530E-19, 0.2%, 8.236E-19, 0.2%, 9.814E-01, 0.3%
189, 8.142E-19, 0.2%, 7.585E-19, 0.2%, 8.230E-19, 0.3%, 9.893E-01, 0.3%
190, 8.177E-19, 0.2%, 7.617E-19, 0.2%, 8.227E-19, 0.3%, 9.939E-01, 0.3%
191, 8.203E-19, 0.2%, 7.641E-19, 0.2%, 8.206E-19, 0.3%, 9.997E-01, 0.3%
192, 8.189E-19, 0.2%, 7.628E-19, 0.2%, 8.186E-19, 0.3%, 1.000E+00, 0.3%
193, 8.198E-19, 0.2%, 7.636E-19, 0.2%, 8.183E-19, 0.3%, 1.002E+00, 0.3%
194, 8.165E-19, 0.2%, 7.605E-19, 0.2%, 8.169E-19, 0.3%, 9.995E-01, 0.3%
195, 8.152E-19, 0.2%, 7.593E-19, 0.2%, 8.093E-19, 0.3%, 1.007E+00, 0.3%
196, 8.117E-19, 0.2%, 7.560E-19, 0.2%, 8.095E-19, 0.3%, 1.003E+00, 0.3%
197, 8.084E-19, 0.2%, 7.529E-19, 0.2%, 8.063E-19, 0.3%, 1.003E+00, 0.3%
198, 8.068E-19, 0.2%, 7.514E-19, 0.2%, 8.063E-19, 0.3%, 1.001E+00, 0.3%
199, 8.052E-19, 0.2%, 7.498E-19, 0.2%, 8.019E-19, 0.3%, 1.004E+00, 0.3%
200, 8.017E-19, 0.2%, 7.465E-19, 0.2%, 8.009E-19, 0.3%, 1.001E+00, 0.3%
201, 8.022E-19, 0.2%, 7.470E-19, 0.2%, 8.011E-19, 0.5%, 1.001E+00, 0.5%
202, 8.011E-19, 0.2%, 7.460E-19, 0.2%, 7.946E-19, 0.4%, 1.008E+00, 0.5%
203, 7.991E-19, 0.2%, 7.441E-19, 0.2%, 7.999E-19, 0.4%, 9.990E-01, 0.5%
204, 8.007E-19, 0.2%, 7.456E-19, 0.2%, 7.973E-19, 0.4%, 1.004E+00, 0.5%
205, 8.004E-19, 0.2%, 7.453E-19, 0.2%, 7.877E-19, 0.4%, 1.016E+00, 0.4%
206, 7.999E-19, 0.2%, 7.448E-19, 0.2%, 7.942E-19, 0.4%, 1.007E+00, 0.5%
207, 7.975E-19, 0.2%, 7.426E-19, 0.2%, 8.035E-19, 0.5%, 9.924E-01, 0.6%
208, 7.969E-19, 0.2%, 7.420E-19, 0.2%, 7.935E-19, 0.5%, 1.004E+00, 0.5%
209, 7.954E-19, 0.2%, 7.407E-19, 0.2%, 7.940E-19, 0.4%, 1.002E+00, 0.5%
210, 7.967E-19, 0.2%, 7.419E-19, 0.2%, 7.906E-19, 0.4%, 1.008E+00, 0.5%
211, 7.944E-19, 0.2%, 7.397E-19, 0.2%, 7.858E-19, 0.4%, 1.011E+00, 0.4%
212, 7.945E-19, 0.2%, 7.398E-19, 0.2%, 7.862E-19, 0.4%, 1.011E+00, 0.4%
213, 7.931E-19, 0.2%, 7.384E-19, 0.2%, 7.890E-19, 0.4%, 1.005E+00, 0.5%
214, 7.919E-19, 0.2%, 7.373E-19, 0.2%, 7.903E-19, 0.5%, 1.002E+00, 0.5%
215, 7.911E-19, 0.2%, 7.366E-19, 0.2%, 7.826E-19, 0.4%, 1.011E+00, 0.4%
216, 7.911E-19, 0.2%, 7.365E-19, 0.2%, 7.945E-19, 0.5%, 9.957E-01, 0.5%
217, 7.926E-19, 0.2%, 7.380E-19, 0.2%, 7.856E-19, 0.4%, 1.009E+00, 0.5%
218, 7.934E-19, 0.2%, 7.388E-19, 0.2%, 7.868E-19, 0.5%, 1.008E+00, 0.5%
219, 7.977E-19, 0.2%, 7.427E-19, 0.2%, 7.898E-19, 0.5%, 1.010E+00, 0.5%
220, 8.115E-19, 0.2%, 7.555E-19, 0.2%, 7.783E-19, 0.4%, 1.043E+00, 0.4%
221, 7.746E-19, 0.1%, 7.179E-19, 0.1%, 7.645E-19, 0.2%, 1.013E+00, 0.2%
222, 7.658E-19, 0.1%, 7.097E-19, 0.1%, 7.632E-19, 0.2%, 1.003E+00, 0.2%
223, 7.589E-19, 0.1%, 7.032E-19, 0.1%, 7.573E-19, 0.2%, 1.002E+00, 0.2%
224, 7.533E-19, 0.1%, 6.980E-19, 0.1%, 7.547E-19, 0.2%, 9.982E-01, 0.3%
225, 7.493E-19, 0.1%, 6.943E-19, 0.1%, 7.474E-19, 0.2%, 1.003E+00, 0.2%
226, 7.440E-19, 0.1%, 6.893E-19, 0.1%, 7.419E-19, 0.2%, 1.003E+00, 0.2%
227, 7.388E-19, 0.1%, 6.845E-19, 0.1%, 7.406E-19, 0.2%, 9.976E-01, 0.3%
228, 7.351E-19, 0.1%, 6.810E-19, 0.1%, 7.381E-19, 0.2%, 9.959E-01, 0.3%
229, 7.316E-19, 0.1%, 6.778E-19, 0.1%, 7.301E-19, 0.2%, 1.002E+00, 0.2%
230, 7.278E-19, 0.2%, 6.742E-19, 0.2%, 7.266E-19, 0.2%, 1.002E+00, 0.3%
231, 7.219E-19, 0.1%, 6.688E-19, 0.1%, 7.203E-19, 0.2%, 1.002E+00, 0.2%
232, 7.173E-19, 0.2%, 6.645E-19, 0.2%, 7.176E-19, 0.2%, 9.997E-01, 0.3%
233, 7.109E-19, 0.1%, 6.585E-19, 0.1%, 7.081E-19, 0.2%, 1.004E+00, 0.2%
234, 7.061E-19, 0.1%, 6.541E-19, 0.1%, 7.074E-19, 0.2%, 9.982E-01, 0.3%
235, 7.000E-19, 0.1%, 6.484E-19, 0.1%, 7.040E-19, 0.2%, 9.943E-01, 0.2%
236, 6.984E-19, 0.2%, 6.469E-19, 0.2%, 6.968E-19, 0.2%, 1.002E+00, 0.2%
237, 6.923E-19, 0.1%, 6.413E-19, 0.1%, 6.943E-19, 0.2%, 9.972E-01, 0.3%
238, 6.882E-19, 0.2%, 6.375E-19, 0.2%, 6.861E-19, 0.2%, 1.003E+00, 0.2%
239, 6.825E-19, 0.1%, 6.321E-19, 0.1%, 6.827E-19, 0.2%, 9.998E-01, 0.3%
240, 6.776E-19, 0.1%, 6.275E-19, 0.1%, 6.767E-19, 0.2%, 1.001E+00, 0.3%
241, 6.729E-19, 0.1%, 6.232E-19, 0.1%, 6.731E-19, 0.2%, 9.998E-01, 0.3%
242, 6.671E-19, 0.1%, 6.178E-19, 0.1%, 6.656E-19, 0.2%, 1.002E+00, 0.2%
243, 6.629E-19, 0.2%, 6.139E-19, 0.2%, 6.628E-19, 0.2%, 1.000E+00, 0.3%
244, 6.568E-19, 0.1%, 6.082E-19, 0.1%, 6.580E-19, 0.2%, 9.981E-01, 0.2%
245, 6.524E-19, 0.1%, 6.042E-19, 0.1%, 6.560E-19, 0.2%, 9.945E-01, 0.3%
246, 6.498E-19, 0.2%, 6.017E-19, 0.2%, 6.472E-19, 0.2%, 1.004E+00, 0.3%
247, 6.436E-19, 0.2%, 5.960E-19, 0.2%, 6.445E-19, 0.2%, 9.986E-01, 0.3%
248, 6.387E-19, 0.2%, 5.914E-19, 0.2%, 6.374E-19, 0.2%, 1.002E+00, 0.2%
249, 6.331E-19, 0.1%, 5.863E-19, 0.1%, 6.346E-19, 0.2%, 9.977E-01, 0.3%
250, 6.281E-19, 0.2%, 5.817E-19, 0.2%, 6.257E-19, 0.2%, 1.004E+00, 0.2%
251, 6.221E-19, 0.1%, 5.760E-19, 0.1%, 6.236E-19, 0.2%, 9.976E-01, 0.3%
252, 6.191E-19, 0.1%, 5.733E-19, 0.2%, 6.187E-19, 0.2%, 1.001E+00, 0.2%
253, 6.139E-19, 0.2%, 5.685E-19, 0.2%, 6.125E-19, 0.2%, 1.002E+00, 0.3%
254, 6.079E-19, 0.1%, 5.629E-19, 0.1%, 6.083E-19, 0.2%, 9.994E-01, 0.3%
255, 6.026E-19, 0.1%, 5.579E-19, 0.1%, 6.053E-19, 0.2%, 9.955E-01, 0.2%
256, 5.997E-19, 0.2%, 5.553E-19, 0.2%, 5.999E-19, 0.2%, 9.996E-01, 0.3%
257, 5.942E-19, 0.2%, 5.502E-19, 0.2%, 5.933E-19, 0.2%, 1.002E+00, 0.3%
258, 5.903E-19, 0.2%, 5.466E-19, 0.2%, 5.916E-19, 0.2%, 9.979E-01, 0.3%
259, 5.860E-19, 0.2%, 5.425E-19, 0.2%, 5.882E-19, 0.2%, 9.963E-01, 0.3%
260, 5.750E-19, 0.2%, 5.323E-19, 0.2%, 5.800E-19, 0.2%, 9.915E-01, 0.3%
261, 5.753E-19, 0.2%, 5.353E-19, 0.2%, 5.864E-19, 0.5%, 9.810E-01, 0.6%
262, 5.752E-19, 0.2%, 5.352E-19, 0.2%, 5.787E-19, 0.4%, 9.939E-01, 0.5%
263, 5.762E-19, 0.2%, 5.361E-19, 0.2%, 5.789E-19, 0.4%, 9.953E-01, 0.5%
264, 5.749E-19, 0.2%, 5.348E-19, 0.2%, 5.791E-19, 0.5%, 9.928E-01, 0.5%
265, 5.753E-19, 0.2%, 5.352E-19, 0.2%, 5.805E-19, 0.5%, 9.911E-01, 0.5%
266, 5.754E-19, 0.2%, 5.353E-19, 0.2%, 5.782E-19, 0.5%, 9.951E-01, 0.5%
267, 5.759E-19, 0.2%, 5.358E-19, 0.2%, 5.761E-19, 0.4%, 9.996E-01, 0.5%
268, 5.752E-19, 0.2%, 5.351E-19, 0.2%, 5.743E-19, 0.4%, 1.002E+00, 0.5%
269, 5.742E-19, 0.2%, 5.342E-19, 0.2%, 5.750E-19, 0.5%, 9.987E-01, 0.5%
270, 5.729E-19, 0.2%, 5.329E-19, 0.2%, 5.685E-19, 0.3%, 1.008E+00, 0.4%
271, 5.719E-19, 0.2%, 5.320E-19, 0.2%, 5.749E-19, 0.5%, 9.948E-01, 0.6%
272, 5.721E-19, 0.2%, 5.323E-19, 0.2%, 5.702E-19, 0.5%, 1.003E+00, 0.5%
273, 5.703E-19, 0.2%, 5.305E-19, 0.2%, 5.682E-19, 0.5%, 1.004E+00, 0.5%
274, 5.685E-19, 0.2%, 5.289E-19, 0.2%, 5.709E-19, 0.5%, 9.958E-01, 0.5%
275, 5.683E-19, 0.2%, 5.287E-19, 0.2%, 5.665E-19, 0.5%, 1.003E+00, 0.5%
276, 5.665E-19, 0.2%, 5.270E-19, 0.2%, 5.732E-19, 0.6%, 9.883E-01, 0.6%
277, 5.668E-19, 0.2%, 5.273E-19, 0.2%, 5.614E-19, 0.4%, 1.010E+00, 0.4%
278, 5.665E-19, 0.2%, 5.270E-19, 0.2%, 5.671E-19, 0.5%, 9.989E-01, 0.6%
279, 5.643E-19, 0.2%, 5.250E-19, 0.2%, 5.617E-19, 0.5%, 1.005E+00, 0.5%
280, 5.635E-19, 0.2%, 5.242E-19, 0.2%, 5.636E-19, 0.5%, 9.998E-01, 0.5%
281, 5.621E-19, 0.2%, 5.229E-19, 0.2%, 5.612E-19, 0.2%, 1.002E+00, 0.3%
282, 5.571E-19, 0.2%, 5.183E-19, 0.2%, 5.555E-19, 0.2%, 1.003E+00, 0.3%
283, 5.519E-19, 0.1%, 5.135E-19, 0.1%, 5.512E-19, 0.2%, 1.001E+00, 0.3%
284, 5.475E-19, 0.2%, 5.093E-19, 0.2%, 5.456E-19, 0.2%, 1.003E+00, 0.3%
285, 5.419E-19, 0.1%, 5.042E-19, 0.1%, 5.420E-19, 0.2%, 9.999E-01, 0.3%
286, 5.379E-19, 0.1%, 5.004E-19, 0.1%, 5.375E-19, 0.2%, 1.001E+00, 0.3%
287, 5.343E-19, 0.2%, 4.971E-19, 0.2%, 5.317E-19, 0.2%, 1.005E+00, 0.3%
288, 5.292E-19, 0.2%, 4.923E-19, 0.2%, 5.260E-19, 0.2%, 1.006E+00, 0.3%
289, 5.231E-19, 0.1%, 4.867E-19, 0.1%, 5.207E-19, 0.2%, 1.005E+00, 0.3%
290, 5.191E-19, 0.2%, 4.829E-19, 0.2%, 5.178E-19, 0.2%, 1.003E+00, 0.3%
291, 5.135E-19, 0.1%, 4.778E-19, 0.1%, 5.117E-19, 0.2%, 1.004E+00, 0.3%
292, 5.084E-19, 0.1%, 4.730E-19, 0.1%, 5.081E-19, 0.2%, 1.000E+00, 0.3%
293, 5.040E-19, 0.1%, 4.689E-19, 0.1%, 5.038E-19, 0.2%, 1.000E+00, 0.3%
294, 4.997E-19, 0.1%, 4.649E-19, 0.1%, 4.991E-19, 0.2%, 1.001E+00, 0.3%
295, 4.963E-19, 0.2%, 4.618E-19, 0.2%, 4.945E-19, 0.2%, 1.004E+00, 0.3%
296, 4.914E-19, 0.2%, 4.572E-19, 0.2%, 4.893E-19, 0.2%, 1.004E+00, 0.3%
297, 4.862E-19, 0.2%, 4.524E-19, 0.2%, 4.834E-19, 0.2%, 1.006E+00, 0.3%
298, 4.809E-19, 0.1%, 4.474E-19, 0.1%, 4.797E-19, 0.2%, 1.002E+00, 0.3%
299, 4.759E-19, 0.1%, 4.428E-19, 0.1%, 4.744E-19, 0.2%, 1.003E+00, 0.3%
300, 4.712E-19, 0.1%, 4.384E-19, 0.1%, 4.704E-19, 0.2%, 1.002E+00, 0.2%
301, 4.676E-19, 0.1%, 4.351E-19, 0.1%, 4.668E-19, 0.2%, 1.002E+00, 0.3%
302, 4.636E-19, 0.1%, 4.313E-19, 0.1%, 4.621E-19, 0.2%, 1.003E+00, 0.2%
303, 4.598E-19, 0.1%, 4.278E-19, 0.1%, 4.610E-19, 0.2%, 9.973E-01, 0.3%
304, 4.555E-19, 0.1%, 4.238E-19, 0.1%, 4.538E-19, 0.2%, 1.004E+00, 0.3%
305, 4.513E-19, 0.1%, 4.199E-19, 0.1%, 4.478E-19, 0.2%, 1.008E+00, 0.2%
306, 4.465E-19, 0.1%, 4.154E-19, 0.1%, 4.447E-19, 0.2%, 1.004E+00, 0.2%
307, 4.422E-19, 0.1%, 4.114E-19, 0.1%, 4.429E-19, 0.3%, 9.985E-01, 0.3%
308, 4.386E-19, 0.1%, 4.081E-19, 0.1%, 4.375E-19, 0.2%, 1.002E+00, 0.3%
309, 4.345E-19, 0.1%, 4.043E-19, 0.1%, 4.345E-19, 0.2%, 9.999E-01, 0.3%
310, 4.306E-19, 0.1%, 4.007E-19, 0.1%, 4.290E-19, 0.2%, 1.004E+00, 0.3%
311, 4.270E-19, 0.2%, 3.974E-19, 0.2%, 4.256E-19, 0.2%, 1.003E+00, 0.3%
312, 4.228E-19, 0.1%, 3.934E-19, 0.1%, 4.216E-19, 0.2%, 1.003E+00, 0.3%
313, 4.181E-19, 0.1%, 3.891E-19, 0.1%, 4.164E-19, 0.2%, 1.004E+00, 0.3%
314, 4.142E-19, 0.1%, 3.855E-19, 0.1%, 4.141E-19, 0.2%, 1.000E+00, 0.3%
315, 4.103E-19, 0.1%, 3.818E-19, 0.1%, 4.084E-19, 0.2%, 1.005E+00, 0.2%
316, 4.068E-19, 0.2%, 3.785E-19, 0.2%, 4.046E-19, 0.2%, 1.005E+00, 0.3%
317, 4.020E-19, 0.1%, 3.741E-19, 0.1%, 4.006E-19, 0.2%, 1.004E+00, 0.2%
318, 3.991E-19, 0.1%, 3.714E-19, 0.1%, 3.981E-19, 0.2%, 1.003E+00, 0.3%
319, 3.946E-19, 0.1%, 3.672E-19, 0.1%, 3.944E-19, 0.2%, 1.001E+00, 0.3%
320, 3.911E-19, 0.1%, 3.640E-19, 0.1%, 3.905E-19, 0.3%, 1.002E+00, 0.3%
321, 3.874E-19, 0.1%, 3.606E-19, 0.1%, 3.867E-19, 0.2%, 1.002E+00, 0.3%
322, 3.837E-19, 0.1%, 3.571E-19, 0.1%, 3.831E-19, 0.2%, 1.001E+00, 0.3%
323, 3.809E-19, 0.1%, 3.545E-19, 0.1%, 3.804E-19, 0.2%, 1.001E+00, 0.3%
324, 3.779E-19, 0.2%, 3.517E-19, 0.2%, 3.757E-19, 0.2%, 1.006E+00, 0.3%
325, 3.732E-19, 0.1%, 3.473E-19, 0.1%, 3.718E-19, 0.2%, 1.004E+00, 0.2%
326, 3.696E-19, 0.1%, 3.439E-19, 0.1%, 3.686E-19, 0.2%, 1.003E+00, 0.3%
327, 3.663E-19, 0.1%, 3.409E-19, 0.1%, 3.667E-19, 0.3%, 9.990E-01, 0.3%
328, 3.630E-19, 0.2%, 3.379E-19, 0.2%, 3.626E-19, 0.3%, 1.001E+00, 0.3%
329, 3.586E-19, 0.1%, 3.337E-19, 0.1%, 3.583E-19, 0.2%, 1.001E+00, 0.3%
330, 3.558E-19, 0.2%, 3.311E-19, 0.2%, 3.561E-19, 0.3%, 9.992E-01, 0.3%
331, 3.525E-19, 0.2%, 3.281E-19, 0.2%, 3.509E-19, 0.2%, 1.005E+00, 0.3%
332, 3.496E-19, 0.2%, 3.254E-19, 0.2%, 3.481E-19, 0.2%, 1.004E+00, 0.3%
333, 3.461E-19, 0.2%, 3.222E-19, 0.2%, 3.444E-19, 0.2%, 1.005E+00, 0.3%
334, 3.423E-19, 0.2%, 3.186E-19, 0.2%, 3.407E-19, 0.2%, 1.005E+00, 0.3%
335, 3.388E-19, 0.1%, 3.154E-19, 0.1%, 3.379E-19, 0.2%, 1.003E+00, 0.3%
336, 3.359E-19, 0.1%, 3.127E-19, 0.1%, 3.346E-19, 0.2%, 1.004E+00, 0.3%
337, 3.322E-19, 0.1%, 3.092E-19, 0.1%, 3.318E-19, 0.3%, 1.001E+00, 0.3%
338, 3.288E-19, 0.1%, 3.061E-19, 0.1%, 3.278E-19, 0.2%, 1.003E+00, 0.2%
339, 3.263E-19, 0.2%, 3.038E-19, 0.2%, 3.247E-19, 0.2%, 1.005E+00, 0.3%
340, 3.228E-19, 0.1%, 3.005E-19, 0.1%, 3.220E-19, 0.2%, 1.003E+00, 0.3%
341, 3.198E-19, 0.1%, 2.977E-19, 0.1%, 3.201E-19, 0.3%, 9.989E-01, 0.3%
342, 3.176E-19, 0.2%, 2.957E-19, 0.2%, 3.173E-19, 0.3%, 1.001E+00, 0.3%
343, 3.140E-19, 0.2%, 2.923E-19, 0.2%, 3.120E-19, 0.2%, 1.006E+00, 0.2%
344, 3.108E-19, 0.2%, 2.894E-19, 0.2%, 3.090E-19, 0.2%, 1.006E+00, 0.3%
345, 3.067E-19, 0.1%, 2.855E-19, 0.1%, 3.054E-19, 0.2%, 1.004E+00, 0.2%
346, 3.036E-19, 0.1%, 2.826E-19, 0.1%, 3.036E-19, 0.2%, 1.000E+00, 0.3%
347, 3.010E-19, 0.1%, 2.802E-19, 0.1%, 3.000E-19, 0.2%, 1.003E+00, 0.3%
348, 2.980E-19, 0.1%, 2.774E-19, 0.1%, 2.974E-19, 0.2%, 1.002E+00, 0.3%
349, 2.950E-19, 0.1%, 2.746E-19, 0.1%, 2.942E-19, 0.2%, 1.002E+00, 0.2%
350, 2.922E-19, 0.1%, 2.721E-19, 0.1%, 2.909E-19, 0.2%, 1.005E+00, 0.2%
351, 2.893E-19, 0.1%, 2.694E-19, 0.1%, 2.895E-19, 0.3%, 9.994E-01, 0.3%
352, 2.860E-19, 0.1%, 2.663E-19, 0.1%, 2.862E-19, 0.3%, 9.990E-01, 0.3%
353, 2.841E-19, 0.1%, 2.645E-19, 0.1%, 2.840E-19, 0.3%, 1.000E+00, 0.3%
354, 2.818E-19, 0.2%, 2.624E-19, 0.2%, 2.807E-19, 0.3%, 1.004E+00, 0.3%
355, 2.786E-19, 0.1%, 2.594E-19, 0.1%, 2.767E-19, 0.2%, 1.007E+00, 0.2%
356, 2.752E-19, 0.1%, 2.563E-19, 0.1%, 2.737E-19, 0.2%, 1.005E+00, 0.2%
357, 2.712E-19, 0.1%, 2.525E-19, 0.1%, 2.709E-19, 0.2%, 1.001E+00, 0.2%
358, 2.659E-19, 0.1%, 2.476E-19, 0.1%, 2.647E-19, 0.1%, 1.004E+00, 0.2%
359, 2.198E-19, 0.0%, 2.048E-19, 0.0%, 2.195E-19, 0.1%, 1.002E+00, 0.1%
