IZ, Param, IX=1, +/-, IX=2, +/-, IX=3, +/-, IX=4, +/-, IX=5, +/-, IX=6, +/-, IX=7, +/-, IX=8, +/-, IX=9, +/-, IX=10, +/-, IX=11, +/-, IX=12, +/-, IX=13, +/-, IX=14, +/-, IX=15, +/-, IX=16, +/-, IX=17, +/-, IX=18, +/-, IX=19, +/-, IX=20, +/-, IX=21, +/-, IX=22, +/-, IX=23, +/-, IX=24, +/-, IX=25, +/-, IX=26, +/-, IX=27, +/-, IX=28, +/-, IX=29, +/-, IX=30, +/-, IX=31, +/-, IX=32, +/-, IX=33, +/-, IX=34, +/-, IX=35, +/-, IX=36, +/-, IX=37, +/-, IX=38, +/-, IX=39, +/-, IX=40, +/-, IX=41, +/-, IX=42, +/-, IX=43, +/-, IX=44, +/-, IX=45, +/-, IX=46, +/-, IX=47, +/-, IX=48, +/-, IX=49, +/-, IX=50, +/-, IX=51, +/-, IX=52, +/-, IX=53, +/-, IX=54, +/-, IX=55, +/-, IX=56, +/-, IX=57, +/-, IX=58, +/-, IX=59, +/-, IX=60, +/-
1, T, 6.617E-17, 1.8%, 6.738E-17, 1.2%, 6.785E-17, 0.9%, 6.903E-17, 0.8%, 6.752E-17, 0.7%, 6.698E-17, 0.6%, 6.712E-17, 0.6%, 6.575E-17, 0.6%, 6.546E-17, 0.5%, 6.508E-17, 0.5%, 6.358E-17, 0.5%, 6.230E-17, 0.5%, 6.104E-17, 0.4%, 5.951E-17, 0.4%, 5.794E-17, 0.4%, 5.589E-17, 0.4%, 5.408E-17, 0.4%, 5.253E-17, 0.4%, 5.102E-17, 0.4%, 4.919E-17, 0.4%, 4.711E-17, 0.4%, 4.503E-17, 0.4%, 4.311E-17, 0.4%, 4.083E-17, 0.4%, 3.900E-17, 0.4%, 3.662E-17, 0.4%, 3.436E-17, 0.4%, 3.235E-17, 0.4%, 3.014E-17, 0.4%, 2.813E-17, 0.4%, 2.606E-17, 0.4%, 2.393E-17, 0.4%, 2.182E-17, 0.4%, 1.985E-17, 0.5%, 1.797E-17, 0.5%, 1.628E-17, 0.5%, 1.455E-17, 0.5%, 1.297E-17, 0.5%, 1.149E-17, 0.5%, 1.023E-17, 0.6%, 9.061E-18, 0.6%, 8.033E-18, 0.6%, 6.997E-18, 0.6%, 6.124E-18, 0.7%, 5.437E-18, 0.7%, 4.814E-18, 0.7%, 4.288E-18, 0.7%, 3.818E-18, 0.8%, 3.375E-18, 0.8%, 3.022E-18, 0.8%, 2.716E-18, 0.8%, 2.478E-18, 0.9%, 2.266E-18, 0.9%, 2.049E-18, 0.9%, 1.880E-18, 1.0%, 1.739E-18, 1.0%, 1.573E-18, 1.0%, 1.431E-18, 1.0%, 1.285E-18, 1.1%, 1.077E-18, 1.1%
1, TS, 6.166E-17, 1.8%, 6.278E-17, 1.2%, 6.328E-17, 0.9%, 6.432E-17, 0.8%, 6.295E-17, 0.7%, 6.244E-17, 0.6%, 6.257E-17, 0.6%, 6.128E-17, 0.6%, 6.104E-17, 0.5%, 6.066E-17, 0.5%, 5.928E-17, 0.5%, 5.807E-17, 0.5%, 5.690E-17, 0.4%, 5.547E-17, 0.4%, 5.401E-17, 0.4%, 5.211E-17, 0.4%, 5.041E-17, 0.4%, 4.897E-17, 0.4%, 4.756E-17, 0.4%, 4.584E-17, 0.4%, 4.392E-17, 0.4%, 4.198E-17, 0.4%, 4.019E-17, 0.4%, 3.806E-17, 0.4%, 3.635E-17, 0.4%, 3.414E-17, 0.4%, 3.203E-17, 0.4%, 3.015E-17, 0.4%, 2.809E-17, 0.4%, 2.623E-17, 0.4%, 2.429E-17, 0.4%, 2.231E-17, 0.4%, 2.034E-17, 0.4%, 1.851E-17, 0.5%, 1.676E-17, 0.5%, 1.517E-17, 0.5%, 1.356E-17, 0.5%, 1.209E-17, 0.5%, 1.071E-17, 0.5%, 9.542E-18, 0.6%, 8.451E-18, 0.6%, 7.490E-18, 0.6%, 6.523E-18, 0.6%, 5.709E-18, 0.7%, 5.070E-18, 0.7%, 4.489E-18, 0.7%, 3.998E-18, 0.7%, 3.560E-18, 0.8%, 3.149E-18, 0.8%, 2.818E-18, 0.8%, 2.534E-18, 0.8%, 2.310E-18, 0.9%, 2.113E-18, 0.9%, 1.911E-18, 0.9%, 1.754E-18, 1.0%, 1.621E-18, 1.0%, 1.467E-18, 1.0%, 1.334E-18, 1.0%, 1.199E-18, 1.1%, 1.004E-18, 1.1%
1, K, 1.170E-16, 5.3%, 1.166E-16, 3.1%, 1.143E-16, 2.4%, 1.189E-16, 2.0%, 1.153E-16, 1.8%, 1.148E-16, 1.6%, 1.167E-16, 1.5%, 1.169E-16, 1.4%, 1.142E-16, 1.3%, 1.135E-16, 1.2%, 1.117E-16, 1.2%, 1.083E-16, 1.2%, 1.070E-16, 1.1%, 1.022E-16, 1.1%, 1.006E-16, 1.1%, 9.953E-17, 1.1%, 9.304E-17, 1.0%, 8.960E-17, 1.0%, 8.725E-17, 1.0%, 8.412E-17, 1.0%, 7.939E-17, 1.0%, 7.685E-17, 1.0%, 7.296E-17, 1.0%, 6.839E-17, 1.0%, 6.447E-17, 1.0%, 6.074E-17, 1.0%, 5.685E-17, 1.1%, 5.167E-17, 1.1%, 4.854E-17, 1.1%, 4.456E-17, 1.1%, 4.085E-17, 1.2%, 3.631E-17, 1.2%, 3.147E-17, 1.3%, 2.816E-17, 1.3%, 2.449E-17, 1.4%, 2.108E-17, 1.5%, 1.785E-17, 1.6%, 1.470E-17, 1.7%, 1.225E-17, 1.9%, 9.993E-18, 2.1%, 7.812E-18, 2.3%, 6.229E-18, 2.5%, 4.773E-18, 2.8%, 3.531E-18, 3.3%, 2.574E-18, 3.7%, 1.887E-18, 4.1%, 1.456E-18, 4.5%, 1.024E-18, 5.1%, 7.468E-19, 5.4%, 5.352E-19, 5.9%, 4.591E-19, 5.8%, 4.685E-19, 5.6%, 4.073E-19, 5.7%, 3.598E-19, 5.4%, 3.508E-19, 5.1%, 3.600E-19, 4.5%, 3.350E-19, 4.5%, 3.170E-19, 4.5%, 3.144E-19, 4.1%, 3.249E-19, 3.5%
1, DK, 5.654E-01, 5.6%, 5.779E-01, 3.3%, 5.937E-01, 2.6%, 5.804E-01, 2.1%, 5.854E-01, 1.9%, 5.835E-01, 1.7%, 5.754E-01, 1.6%, 5.624E-01, 1.5%, 5.732E-01, 1.4%, 5.732E-01, 1.3%, 5.694E-01, 1.3%, 5.751E-01, 1.3%, 5.707E-01, 1.2%, 5.822E-01, 1.2%, 5.762E-01, 1.2%, 5.616E-01, 1.1%, 5.813E-01, 1.1%, 5.863E-01, 1.1%, 5.847E-01, 1.1%, 5.847E-01, 1.1%, 5.934E-01, 1.1%, 5.859E-01, 1.1%, 5.910E-01, 1.1%, 5.970E-01, 1.1%, 6.048E-01, 1.1%, 6.029E-01, 1.1%, 6.044E-01, 1.1%, 6.261E-01, 1.2%, 6.209E-01, 1.2%, 6.313E-01, 1.2%, 6.378E-01, 1.2%, 6.591E-01, 1.3%, 6.932E-01, 1.4%, 7.050E-01, 1.4%, 7.340E-01, 1.5%, 7.721E-01, 1.6%, 8.147E-01, 1.7%, 8.821E-01, 1.8%, 9.379E-01, 2.0%, 1.024E+00, 2.1%, 1.160E+00, 2.4%, 1.290E+00, 2.6%, 1.466E+00, 2.9%, 1.734E+00, 3.4%, 2.112E+00, 3.7%, 2.551E+00, 4.2%, 2.944E+00, 4.6%, 3.727E+00, 5.1%, 4.520E+00, 5.5%, 5.645E+00, 5.9%, 5.916E+00, 5.9%, 5.288E+00, 5.6%, 5.563E+00, 5.8%, 5.693E+00, 5.5%, 5.359E+00, 5.2%, 4.831E+00, 4.6%, 4.696E+00, 4.6%, 4.513E+00, 4.6%, 4.088E+00, 4.3%, 3.316E+00, 3.7%
2, T, 8.224E-17, 6.0%, 7.951E-17, 3.9%, 8.003E-17, 3.0%, 7.960E-17, 2.5%, 7.850E-17, 2.2%, 7.874E-17, 2.0%, 8.050E-17, 1.8%, 8.142E-17, 1.7%, 8.011E-17, 1.6%, 8.006E-17, 1.5%, 7.641E-17, 1.4%, 7.570E-17, 1.4%, 7.493E-17, 1.4%, 7.156E-17, 1.3%, 6.983E-17, 1.3%, 6.717E-17, 1.3%, 6.508E-17, 1.3%, 6.253E-17, 1.3%, 6.054E-17, 1.2%, 5.700E-17, 1.2%, 5.581E-17, 1.2%, 5.410E-17, 1.2%, 5.251E-17, 1.2%, 5.050E-17, 1.2%, 4.777E-17, 1.2%, 4.556E-17, 1.2%, 4.327E-17, 1.2%, 4.005E-17, 1.2%, 3.753E-17, 1.3%, 3.483E-17, 1.3%, 3.268E-17, 1.3%, 3.068E-17, 1.3%, 2.816E-17, 1.3%, 2.595E-17, 1.4%, 2.382E-17, 1.4%, 2.198E-17, 1.4%, 2.003E-17, 1.5%, 1.764E-17, 1.5%, 1.618E-17, 1.6%, 1.443E-17, 1.6%, 1.338E-17, 1.7%, 1.178E-17, 1.7%, 1.058E-17, 1.8%, 9.575E-18, 1.9%, 8.767E-18, 1.9%, 7.672E-18, 2.0%, 7.061E-18, 2.1%, 6.282E-18, 2.1%, 5.931E-18, 2.2%, 5.221E-18, 2.2%, 4.736E-18, 2.3%, 4.317E-18, 2.4%, 4.140E-18, 2.5%, 3.873E-18, 2.5%, 3.481E-18, 2.6%, 3.245E-18, 2.6%, 2.970E-18, 2.8%, 2.708E-18, 2.9%, 2.427E-18, 3.0%, 2.038E-18, 2.9%
2, TS, 7.693E-17, 5.9%, 7.413E-17, 3.9%, 7.476E-17, 3.0%, 7.422E-17, 2.5%, 7.323E-17, 2.2%, 7.342E-17, 2.0%, 7.511E-17, 1.8%, 7.589E-17, 1.7%, 7.477E-17, 1.6%, 7.466E-17, 1.5%, 7.129E-17, 1.4%, 7.065E-17, 1.4%, 6.986E-17, 1.4%, 6.675E-17, 1.3%, 6.514E-17, 1.3%, 6.268E-17, 1.3%, 6.070E-17, 1.3%, 5.831E-17, 1.2%, 5.645E-17, 1.2%, 5.315E-17, 1.2%, 5.202E-17, 1.2%, 5.047E-17, 1.2%, 4.899E-17, 1.2%, 4.711E-17, 1.2%, 4.455E-17, 1.2%, 4.249E-17, 1.2%, 4.035E-17, 1.2%, 3.734E-17, 1.2%, 3.502E-17, 1.3%, 3.248E-17, 1.3%, 3.046E-17, 1.3%, 2.862E-17, 1.3%, 2.627E-17, 1.3%, 2.420E-17, 1.4%, 2.222E-17, 1.4%, 2.051E-17, 1.4%, 1.867E-17, 1.5%, 1.644E-17, 1.5%, 1.509E-17, 1.6%, 1.346E-17, 1.6%, 1.248E-17, 1.7%, 1.099E-17, 1.7%, 9.874E-18, 1.8%, 8.934E-18, 1.9%, 8.184E-18, 1.9%, 7.154E-18, 2.0%, 6.588E-18, 2.1%, 5.867E-18, 2.1%, 5.534E-18, 2.2%, 4.875E-18, 2.2%, 4.414E-18, 2.3%, 4.027E-18, 2.4%, 3.867E-18, 2.5%, 3.614E-18, 2.5%, 3.247E-18, 2.5%, 3.028E-18, 2.6%, 2.772E-18, 2.8%, 2.527E-18, 2.9%, 2.264E-18, 3.0%, 1.899E-18, 2.9%
2, K, 1.185E-16, 24.3%, 9.801E-17, 13.2%, 1.098E-16, 11.4%, 1.226E-16, 8.9%, 1.139E-16, 8.2%, 1.195E-16, 7.1%, 1.163E-16, 6.7%, 1.073E-16, 6.3%, 1.155E-16, 5.7%, 1.129E-16, 5.5%, 1.236E-16, 5.1%, 1.134E-16, 5.0%, 1.028E-16, 5.0%, 1.014E-16, 5.0%, 9.958E-17, 4.8%, 9.119E-17, 4.8%, 8.631E-17, 4.9%, 9.045E-17, 4.6%, 8.769E-17, 4.5%, 8.223E-17, 4.5%, 7.344E-17, 4.7%, 7.348E-17, 4.5%, 6.937E-17, 4.6%, 7.342E-17, 4.4%, 6.271E-17, 4.7%, 6.350E-17, 4.6%, 5.849E-17, 4.6%, 5.236E-17, 4.8%, 4.880E-17, 5.0%, 4.347E-17, 5.1%, 3.917E-17, 5.2%, 3.507E-17, 5.6%, 3.670E-17, 5.3%, 2.922E-17, 5.8%, 2.994E-17, 5.8%, 2.377E-17, 6.5%, 1.733E-17, 7.0%, 1.585E-17, 7.4%, 1.216E-17, 8.2%, 8.681E-18, 9.3%, 8.692E-18, 9.3%, 6.554E-18, 10.4%, 6.608E-18, 11.3%, 3.572E-18, 13.4%, 3.132E-18, 15.6%, 3.012E-18, 16.3%, 1.072E-18, 19.5%, 1.182E-18, 18.8%, 8.724E-19, 20.3%, 9.008E-19, 19.7%, 4.667E-19, 22.5%, 5.225E-19, 23.3%, 5.732E-19, 21.6%, 3.518E-19, 20.4%, 4.018E-19, 17.9%, 6.042E-19, 19.4%, 4.947E-19, 18.3%, 4.161E-19, 17.6%, 4.184E-19, 17.9%, 4.088E-19, 18.5%
2, DK, 6.943E-01, 25.0%, 8.113E-01, 13.7%, 7.290E-01, 11.7%, 6.493E-01, 9.2%, 6.890E-01, 8.5%, 6.590E-01, 7.3%, 6.921E-01, 6.9%, 7.585E-01, 6.5%, 6.938E-01, 5.9%, 7.088E-01, 5.7%, 6.181E-01, 5.3%, 6.675E-01, 5.2%, 7.289E-01, 5.2%, 7.059E-01, 5.1%, 7.012E-01, 5.0%, 7.366E-01, 5.0%, 7.541E-01, 5.0%, 6.914E-01, 4.7%, 6.904E-01, 4.7%, 6.932E-01, 4.7%, 7.600E-01, 4.9%, 7.363E-01, 4.6%, 7.570E-01, 4.8%, 6.878E-01, 4.6%, 7.618E-01, 4.8%, 7.175E-01, 4.8%, 7.397E-01, 4.8%, 7.648E-01, 4.9%, 7.691E-01, 5.1%, 8.012E-01, 5.3%, 8.343E-01, 5.4%, 8.750E-01, 5.7%, 7.672E-01, 5.5%, 8.884E-01, 6.0%, 7.956E-01, 5.9%, 9.248E-01, 6.7%, 1.156E+00, 7.1%, 1.113E+00, 7.6%, 1.330E+00, 8.4%, 1.662E+00, 9.4%, 1.539E+00, 9.5%, 1.797E+00, 10.5%, 1.602E+00, 11.4%, 2.681E+00, 13.5%, 2.799E+00, 15.7%, 2.547E+00, 16.4%, 6.587E+00, 19.6%, 5.316E+00, 18.9%, 6.799E+00, 20.5%, 5.796E+00, 19.8%, 1.015E+01, 22.6%, 8.262E+00, 23.5%, 7.222E+00, 21.7%, 1.101E+01, 20.5%, 8.665E+00, 18.1%, 5.371E+00, 19.5%, 6.004E+00, 18.5%, 6.509E+00, 17.9%, 5.800E+00, 18.2%, 4.986E+00, 18.7%
3, T, 8.241E-17, 1.6%, 8.166E-17, 1.1%, 8.057E-17, 0.8%, 8.130E-17, 0.7%, 8.019E-17, 0.6%, 8.003E-17, 0.6%, 7.944E-17, 0.5%, 7.780E-17, 0.5%, 7.675E-17, 0.5%, 7.604E-17, 0.5%, 7.505E-17, 0.4%, 7.351E-17, 0.4%, 7.180E-17, 0.4%, 7.053E-17, 0.4%, 6.912E-17, 0.4%, 6.721E-17, 0.4%, 6.484E-17, 0.4%, 6.271E-17, 0.4%, 6.084E-17, 0.4%, 5.867E-17, 0.4%, 5.655E-17, 0.4%, 5.421E-17, 0.4%, 5.214E-17, 0.4%, 4.983E-17, 0.4%, 4.765E-17, 0.4%, 4.529E-17, 0.4%, 4.265E-17, 0.4%, 4.046E-17, 0.4%, 3.790E-17, 0.4%, 3.558E-17, 0.4%, 3.318E-17, 0.4%, 3.085E-17, 0.4%, 2.868E-17, 0.4%, 2.631E-17, 0.4%, 2.423E-17, 0.4%, 2.224E-17, 0.4%, 2.027E-17, 0.4%, 1.839E-17, 0.4%, 1.675E-17, 0.4%, 1.509E-17, 0.5%, 1.359E-17, 0.5%, 1.236E-17, 0.5%, 1.119E-17, 0.5%, 1.011E-17, 0.5%, 9.260E-18, 0.5%, 8.380E-18, 0.5%, 7.602E-18, 0.6%, 6.911E-18, 0.6%, 6.347E-18, 0.6%, 5.793E-18, 0.6%, 5.305E-18, 0.6%, 4.888E-18, 0.6%, 4.530E-18, 0.6%, 4.211E-18, 0.7%, 3.898E-18, 0.7%, 3.605E-18, 0.7%, 3.337E-18, 0.7%, 3.059E-18, 0.7%, 2.742E-18, 0.7%, 2.353E-18, 0.7%
3, TS, 7.687E-17, 1.6%, 7.616E-17, 1.1%, 7.514E-17, 0.8%, 7.584E-17, 0.7%, 7.480E-17, 0.6%, 7.464E-17, 0.6%, 7.409E-17, 0.5%, 7.257E-17, 0.5%, 7.159E-17, 0.5%, 7.093E-17, 0.5%, 7.001E-17, 0.4%, 6.856E-17, 0.4%, 6.697E-17, 0.4%, 6.578E-17, 0.4%, 6.447E-17, 0.4%, 6.270E-17, 0.4%, 6.049E-17, 0.4%, 5.850E-17, 0.4%, 5.676E-17, 0.4%, 5.473E-17, 0.4%, 5.275E-17, 0.4%, 5.057E-17, 0.4%, 4.864E-17, 0.4%, 4.647E-17, 0.4%, 4.445E-17, 0.4%, 4.224E-17, 0.4%, 3.978E-17, 0.4%, 3.774E-17, 0.4%, 3.535E-17, 0.4%, 3.319E-17, 0.4%, 3.095E-17, 0.4%, 2.878E-17, 0.4%, 2.675E-17, 0.4%, 2.454E-17, 0.4%, 2.260E-17, 0.4%, 2.075E-17, 0.4%, 1.891E-17, 0.4%, 1.715E-17, 0.4%, 1.562E-17, 0.4%, 1.408E-17, 0.5%, 1.268E-17, 0.5%, 1.153E-17, 0.5%, 1.044E-17, 0.5%, 9.428E-18, 0.5%, 8.641E-18, 0.5%, 7.819E-18, 0.5%, 7.094E-18, 0.6%, 6.450E-18, 0.6%, 5.924E-18, 0.6%, 5.406E-18, 0.6%, 4.949E-18, 0.6%, 4.561E-18, 0.6%, 4.227E-18, 0.6%, 3.930E-18, 0.7%, 3.638E-18, 0.7%, 3.365E-18, 0.7%, 3.114E-18, 0.7%, 2.854E-18, 0.7%, 2.560E-18, 0.7%, 2.197E-18, 0.7%
3, K, 1.108E-16, 5.5%, 1.101E-16, 3.2%, 1.049E-16, 2.5%, 1.104E-16, 2.1%, 1.087E-16, 1.9%, 1.095E-16, 1.7%, 1.104E-16, 1.6%, 1.079E-16, 1.5%, 1.053E-16, 1.4%, 1.051E-16, 1.3%, 1.012E-16, 1.3%, 1.026E-16, 1.2%, 1.008E-16, 1.2%, 9.516E-17, 1.2%, 9.511E-17, 1.1%, 9.237E-17, 1.1%, 9.007E-17, 1.1%, 8.741E-17, 1.1%, 8.105E-17, 1.1%, 7.804E-17, 1.1%, 7.661E-17, 1.1%, 7.264E-17, 1.1%, 6.841E-17, 1.1%, 6.628E-17, 1.1%, 6.101E-17, 1.1%, 5.801E-17, 1.1%, 5.455E-17, 1.1%, 5.138E-17, 1.1%, 4.773E-17, 1.1%, 4.236E-17, 1.2%, 3.887E-17, 1.2%, 3.500E-17, 1.2%, 3.143E-17, 1.3%, 2.716E-17, 1.4%, 2.446E-17, 1.4%, 2.066E-17, 1.5%, 1.780E-17, 1.6%, 1.487E-17, 1.7%, 1.292E-17, 1.9%, 1.015E-17, 2.1%, 8.154E-18, 2.3%, 6.565E-18, 2.5%, 5.013E-18, 2.8%, 4.202E-18, 3.0%, 3.078E-18, 3.4%, 2.420E-18, 3.8%, 1.832E-18, 4.0%, 1.340E-18, 4.4%, 9.681E-19, 5.0%, 8.303E-19, 4.9%, 6.805E-19, 5.0%, 5.995E-19, 5.1%, 6.094E-19, 5.0%, 5.947E-19, 4.9%, 5.630E-19, 4.7%, 5.343E-19, 4.6%, 4.964E-19, 4.5%, 4.750E-19, 4.3%, 4.609E-19, 4.6%, 4.546E-19, 4.2%
3, DK, 7.437E-01, 5.7%, 7.418E-01, 3.4%, 7.677E-01, 2.7%, 7.363E-01, 2.2%, 7.378E-01, 2.0%, 7.310E-01, 1.8%, 7.194E-01, 1.7%, 7.209E-01, 1.6%, 7.288E-01, 1.5%, 7.236E-01, 1.4%, 7.415E-01, 1.3%, 7.163E-01, 1.3%, 7.124E-01, 1.2%, 7.412E-01, 1.2%, 7.267E-01, 1.2%, 7.277E-01, 1.2%, 7.200E-01, 1.2%, 7.174E-01, 1.1%, 7.506E-01, 1.1%, 7.518E-01, 1.1%, 7.381E-01, 1.1%, 7.464E-01, 1.1%, 7.622E-01, 1.1%, 7.517E-01, 1.1%, 7.810E-01, 1.1%, 7.806E-01, 1.1%, 7.818E-01, 1.2%, 7.874E-01, 1.2%, 7.940E-01, 1.2%, 8.398E-01, 1.2%, 8.536E-01, 1.3%, 8.813E-01, 1.3%, 9.124E-01, 1.3%, 9.685E-01, 1.4%, 9.907E-01, 1.5%, 1.077E+00, 1.6%, 1.139E+00, 1.7%, 1.237E+00, 1.8%, 1.296E+00, 1.9%, 1.487E+00, 2.1%, 1.667E+00, 2.3%, 1.882E+00, 2.5%, 2.232E+00, 2.8%, 2.405E+00, 3.0%, 3.009E+00, 3.5%, 3.463E+00, 3.9%, 4.149E+00, 4.1%, 5.157E+00, 4.5%, 6.557E+00, 5.0%, 6.977E+00, 4.9%, 7.795E+00, 5.1%, 8.153E+00, 5.1%, 7.433E+00, 5.1%, 7.081E+00, 4.9%, 6.924E+00, 4.7%, 6.747E+00, 4.7%, 6.722E+00, 4.5%, 6.440E+00, 4.4%, 5.948E+00, 4.6%, 5.177E+00, 4.3%
4, T, 7.944E-17, 6.0%, 7.765E-17, 3.8%, 7.543E-17, 3.0%, 7.842E-17, 2.5%, 8.016E-17, 2.2%, 7.552E-17, 2.1%, 7.478E-17, 1.9%, 7.685E-17, 1.7%, 7.424E-17, 1.6%, 7.280E-17, 1.6%, 7.094E-17, 1.5%, 7.231E-17, 1.4%, 6.990E-17, 1.4%, 6.838E-17, 1.4%, 6.733E-17, 1.3%, 6.433E-17, 1.3%, 6.325E-17, 1.3%, 6.217E-17, 1.3%, 6.088E-17, 1.2%, 5.758E-17, 1.2%, 5.574E-17, 1.2%, 5.456E-17, 1.2%, 5.169E-17, 1.2%, 4.924E-17, 1.2%, 4.689E-17, 1.2%, 4.456E-17, 1.2%, 4.204E-17, 1.2%, 3.930E-17, 1.2%, 3.714E-17, 1.2%, 3.459E-17, 1.3%, 3.336E-17, 1.3%, 3.078E-17, 1.3%, 2.832E-17, 1.3%, 2.642E-17, 1.3%, 2.433E-17, 1.4%, 2.223E-17, 1.4%, 2.031E-17, 1.5%, 1.829E-17, 1.5%, 1.634E-17, 1.5%, 1.523E-17, 1.6%, 1.399E-17, 1.6%, 1.266E-17, 1.7%, 1.130E-17, 1.7%, 1.033E-17, 1.8%, 9.481E-18, 1.8%, 8.496E-18, 1.9%, 7.703E-18, 1.9%, 7.084E-18, 2.0%, 6.603E-18, 2.1%, 5.813E-18, 2.1%, 5.381E-18, 2.2%, 5.036E-18, 2.2%, 4.720E-18, 2.3%, 4.341E-18, 2.3%, 4.204E-18, 2.4%, 3.651E-18, 2.5%, 3.326E-18, 2.6%, 3.103E-18, 2.7%, 2.871E-18, 2.8%, 2.367E-18, 2.7%
4, TS, 7.420E-17, 6.0%, 7.241E-17, 3.7%, 7.036E-17, 3.0%, 7.309E-17, 2.5%, 7.473E-17, 2.2%, 7.039E-17, 2.0%, 6.974E-17, 1.9%, 7.163E-17, 1.7%, 6.927E-17, 1.6%, 6.791E-17, 1.6%, 6.615E-17, 1.5%, 6.747E-17, 1.4%, 6.522E-17, 1.4%, 6.376E-17, 1.4%, 6.282E-17, 1.3%, 5.996E-17, 1.3%, 5.903E-17, 1.3%, 5.798E-17, 1.2%, 5.677E-17, 1.2%, 5.371E-17, 1.2%, 5.201E-17, 1.2%, 5.087E-17, 1.2%, 4.822E-17, 1.2%, 4.591E-17, 1.2%, 4.371E-17, 1.2%, 4.156E-17, 1.2%, 3.922E-17, 1.2%, 3.666E-17, 1.2%, 3.465E-17, 1.2%, 3.228E-17, 1.3%, 3.111E-17, 1.3%, 2.870E-17, 1.3%, 2.642E-17, 1.3%, 2.463E-17, 1.3%, 2.269E-17, 1.4%, 2.073E-17, 1.4%, 1.893E-17, 1.4%, 1.707E-17, 1.5%, 1.524E-17, 1.5%, 1.421E-17, 1.6%, 1.305E-17, 1.6%, 1.180E-17, 1.7%, 1.055E-17, 1.7%, 9.642E-18, 1.8%, 8.847E-18, 1.8%, 7.924E-18, 1.9%, 7.194E-18, 1.9%, 6.609E-18, 2.0%, 6.162E-18, 2.1%, 5.435E-18, 2.1%, 5.023E-18, 2.2%, 4.698E-18, 2.2%, 4.405E-18, 2.3%, 4.052E-18, 2.3%, 3.921E-18, 2.4%, 3.412E-18, 2.4%, 3.099E-18, 2.6%, 2.899E-18, 2.7%, 2.679E-18, 2.8%, 2.212E-18, 2.7%
4, K, 5.833E-17, 26.3%, 1.084E-16, 15.0%, 1.046E-16, 11.1%, 9.802E-17, 10.0%, 1.124E-16, 8.2%, 1.006E-16, 7.5%, 1.080E-16, 6.9%, 1.059E-16, 6.4%, 9.955E-17, 6.2%, 9.940E-17, 6.0%, 1.065E-16, 5.4%, 9.867E-17, 5.4%, 9.699E-17, 5.2%, 1.050E-16, 5.0%, 8.973E-17, 4.9%, 9.321E-17, 4.8%, 8.471E-17, 4.8%, 8.806E-17, 4.6%, 7.989E-17, 4.9%, 7.786E-17, 4.7%, 6.559E-17, 4.8%, 6.718E-17, 4.7%, 7.731E-17, 4.5%, 6.411E-17, 4.6%, 6.665E-17, 4.6%, 5.782E-17, 4.7%, 5.217E-17, 4.8%, 4.875E-17, 4.9%, 4.382E-17, 5.1%, 4.238E-17, 5.1%, 3.765E-17, 5.4%, 3.675E-17, 5.4%, 2.971E-17, 5.8%, 2.754E-17, 5.9%, 2.462E-17, 6.3%, 2.165E-17, 6.4%, 1.635E-17, 7.0%, 1.705E-17, 7.6%, 1.424E-17, 7.6%, 1.177E-17, 8.7%, 9.185E-18, 9.5%, 8.072E-18, 9.8%, 4.622E-18, 12.8%, 5.183E-18, 12.1%, 2.784E-18, 15.4%, 2.711E-18, 14.0%, 1.817E-18, 17.7%, 1.514E-18, 18.7%, 1.214E-18, 17.0%, 6.417E-19, 21.1%, 5.799E-19, 25.0%, 6.530E-19, 21.7%, 6.955E-19, 22.8%, 6.068E-19, 21.9%, 7.903E-19, 19.6%, 5.908E-19, 20.1%, 8.037E-19, 21.4%, 5.687E-19, 16.9%, 4.895E-19, 19.7%, 5.977E-19, 16.1%
4, DK, 1.362E+00, 27.0%, 7.166E-01, 15.5%, 7.212E-01, 11.5%, 8.000E-01, 10.3%, 7.131E-01, 8.5%, 7.507E-01, 7.8%, 6.921E-01, 7.1%, 7.260E-01, 6.7%, 7.458E-01, 6.4%, 7.324E-01, 6.2%, 6.658E-01, 5.6%, 7.329E-01, 5.6%, 7.207E-01, 5.3%, 6.515E-01, 5.2%, 7.503E-01, 5.1%, 6.901E-01, 5.0%, 7.467E-01, 5.0%, 7.059E-01, 4.8%, 7.621E-01, 5.0%, 7.396E-01, 4.8%, 8.498E-01, 4.9%, 8.121E-01, 4.9%, 6.687E-01, 4.7%, 7.681E-01, 4.8%, 7.035E-01, 4.7%, 7.707E-01, 4.9%, 8.058E-01, 5.0%, 8.061E-01, 5.0%, 8.477E-01, 5.2%, 8.163E-01, 5.3%, 8.860E-01, 5.5%, 8.375E-01, 5.6%, 9.534E-01, 5.9%, 9.594E-01, 6.1%, 9.883E-01, 6.4%, 1.027E+00, 6.6%, 1.242E+00, 7.2%, 1.073E+00, 7.7%, 1.147E+00, 7.7%, 1.294E+00, 8.8%, 1.523E+00, 9.6%, 1.568E+00, 9.9%, 2.445E+00, 12.9%, 1.994E+00, 12.2%, 3.405E+00, 15.5%, 3.134E+00, 14.1%, 4.239E+00, 17.8%, 4.679E+00, 18.8%, 5.441E+00, 17.1%, 9.059E+00, 21.2%, 9.280E+00, 25.1%, 7.711E+00, 21.8%, 6.785E+00, 22.9%, 7.154E+00, 22.0%, 5.320E+00, 19.8%, 6.179E+00, 20.2%, 4.139E+00, 21.6%, 5.456E+00, 17.1%, 5.867E+00, 19.9%, 3.961E+00, 16.3%
5, T, 7.665E-17, 1.7%, 7.667E-17, 1.1%, 7.600E-17, 0.9%, 7.509E-17, 0.8%, 7.567E-17, 0.7%, 7.500E-17, 0.6%, 7.397E-17, 0.6%, 7.320E-17, 0.5%, 7.244E-17, 0.5%, 7.168E-17, 0.5%, 7.052E-17, 0.5%, 6.940E-17, 0.4%, 6.812E-17, 0.4%, 6.667E-17, 0.4%, 6.481E-17, 0.4%, 6.314E-17, 0.4%, 6.117E-17, 0.4%, 5.950E-17, 0.4%, 5.758E-17, 0.4%, 5.586E-17, 0.4%, 5.348E-17, 0.4%, 5.155E-17, 0.4%, 4.945E-17, 0.4%, 4.743E-17, 0.4%, 4.526E-17, 0.4%, 4.326E-17, 0.4%, 4.099E-17, 0.4%, 3.865E-17, 0.4%, 3.628E-17, 0.4%, 3.433E-17, 0.4%, 3.220E-17, 0.4%, 2.996E-17, 0.4%, 2.781E-17, 0.4%, 2.572E-17, 0.4%, 2.358E-17, 0.4%, 2.165E-17, 0.4%, 1.992E-17, 0.4%, 1.826E-17, 0.4%, 1.654E-17, 0.5%, 1.500E-17, 0.5%, 1.365E-17, 0.5%, 1.237E-17, 0.5%, 1.124E-17, 0.5%, 1.023E-17, 0.5%, 9.221E-18, 0.5%, 8.354E-18, 0.6%, 7.632E-18, 0.6%, 7.018E-18, 0.6%, 6.422E-18, 0.6%, 5.896E-18, 0.6%, 5.450E-18, 0.6%, 5.035E-18, 0.6%, 4.664E-18, 0.6%, 4.299E-18, 0.7%, 3.994E-18, 0.7%, 3.718E-18, 0.7%, 3.415E-18, 0.7%, 3.159E-18, 0.7%, 2.849E-18, 0.7%, 2.436E-18, 0.7%
5, TS, 7.152E-17, 1.7%, 7.151E-17, 1.1%, 7.089E-17, 0.9%, 7.004E-17, 0.8%, 7.058E-17, 0.7%, 6.996E-17, 0.6%, 6.901E-17, 0.6%, 6.828E-17, 0.5%, 6.758E-17, 0.5%, 6.686E-17, 0.5%, 6.578E-17, 0.5%, 6.474E-17, 0.4%, 6.355E-17, 0.4%, 6.219E-17, 0.4%, 6.046E-17, 0.4%, 5.891E-17, 0.4%, 5.706E-17, 0.4%, 5.550E-17, 0.4%, 5.371E-17, 0.4%, 5.210E-17, 0.4%, 4.990E-17, 0.4%, 4.810E-17, 0.4%, 4.613E-17, 0.4%, 4.424E-17, 0.4%, 4.223E-17, 0.4%, 4.035E-17, 0.4%, 3.823E-17, 0.4%, 3.606E-17, 0.4%, 3.385E-17, 0.4%, 3.203E-17, 0.4%, 3.004E-17, 0.4%, 2.795E-17, 0.4%, 2.594E-17, 0.4%, 2.400E-17, 0.4%, 2.200E-17, 0.4%, 2.020E-17, 0.4%, 1.859E-17, 0.4%, 1.704E-17, 0.4%, 1.543E-17, 0.5%, 1.400E-17, 0.5%, 1.274E-17, 0.5%, 1.154E-17, 0.5%, 1.049E-17, 0.5%, 9.548E-18, 0.5%, 8.606E-18, 0.5%, 7.797E-18, 0.5%, 7.124E-18, 0.6%, 6.550E-18, 0.6%, 5.994E-18, 0.6%, 5.503E-18, 0.6%, 5.084E-18, 0.6%, 4.701E-18, 0.6%, 4.352E-18, 0.6%, 4.014E-18, 0.7%, 3.729E-18, 0.7%, 3.470E-18, 0.7%, 3.186E-18, 0.7%, 2.947E-18, 0.7%, 2.660E-18, 0.7%, 2.274E-18, 0.7%
5, K, 1.078E-16, 5.7%, 1.052E-16, 3.4%, 1.020E-16, 2.6%, 1.054E-16, 2.2%, 1.065E-16, 2.0%, 1.060E-16, 1.8%, 9.962E-17, 1.7%, 1.017E-16, 1.5%, 1.019E-16, 1.5%, 9.836E-17, 1.4%, 9.718E-17, 1.3%, 9.451E-17, 1.3%, 9.466E-17, 1.2%, 9.243E-17, 1.2%, 9.079E-17, 1.2%, 8.690E-17, 1.2%, 8.359E-17, 1.1%, 7.992E-17, 1.1%, 7.941E-17, 1.1%, 7.541E-17, 1.1%, 6.988E-17, 1.1%, 6.684E-17, 1.1%, 6.511E-17, 1.1%, 6.278E-17, 1.1%, 5.878E-17, 1.1%, 5.571E-17, 1.1%, 5.199E-17, 1.1%, 4.850E-17, 1.2%, 4.382E-17, 1.2%, 4.151E-17, 1.2%, 3.832E-17, 1.2%, 3.460E-17, 1.3%, 3.030E-17, 1.3%, 2.659E-17, 1.4%, 2.403E-17, 1.5%, 2.106E-17, 1.6%, 1.799E-17, 1.6%, 1.491E-17, 1.8%, 1.275E-17, 1.9%, 1.061E-17, 2.0%, 8.846E-18, 2.2%, 7.119E-18, 2.4%, 5.569E-18, 2.7%, 4.463E-18, 3.0%, 3.350E-18, 3.3%, 2.681E-18, 3.6%, 1.903E-18, 4.0%, 1.483E-18, 4.3%, 1.294E-18, 4.6%, 9.566E-19, 4.9%, 8.568E-19, 5.0%, 6.898E-19, 5.3%, 6.252E-19, 5.5%, 6.074E-19, 5.2%, 5.374E-19, 5.0%, 5.835E-19, 4.8%, 5.623E-19, 4.7%, 5.302E-19, 4.8%, 5.116E-19, 4.7%, 4.601E-19, 4.5%
5, DK, 7.112E-01, 5.9%, 7.290E-01, 3.5%, 7.452E-01, 2.8%, 7.121E-01, 2.3%, 7.104E-01, 2.1%, 7.074E-01, 1.9%, 7.426E-01, 1.8%, 7.200E-01, 1.6%, 7.105E-01, 1.5%, 7.288E-01, 1.5%, 7.256E-01, 1.4%, 7.344E-01, 1.4%, 7.196E-01, 1.3%, 7.213E-01, 1.3%, 7.138E-01, 1.2%, 7.266E-01, 1.2%, 7.319E-01, 1.2%, 7.445E-01, 1.2%, 7.250E-01, 1.2%, 7.408E-01, 1.2%, 7.654E-01, 1.2%, 7.713E-01, 1.2%, 7.594E-01, 1.2%, 7.554E-01, 1.2%, 7.700E-01, 1.2%, 7.765E-01, 1.2%, 7.883E-01, 1.2%, 7.968E-01, 1.2%, 8.281E-01, 1.3%, 8.271E-01, 1.3%, 8.403E-01, 1.3%, 8.659E-01, 1.3%, 9.177E-01, 1.4%, 9.675E-01, 1.5%, 9.812E-01, 1.5%, 1.028E+00, 1.6%, 1.107E+00, 1.7%, 1.225E+00, 1.8%, 1.297E+00, 2.0%, 1.414E+00, 2.1%, 1.543E+00, 2.3%, 1.738E+00, 2.5%, 2.018E+00, 2.8%, 2.293E+00, 3.1%, 2.752E+00, 3.3%, 3.115E+00, 3.6%, 4.011E+00, 4.1%, 4.732E+00, 4.4%, 4.963E+00, 4.6%, 6.164E+00, 4.9%, 6.360E+00, 5.0%, 7.299E+00, 5.3%, 7.459E+00, 5.5%, 7.077E+00, 5.2%, 7.432E+00, 5.0%, 6.372E+00, 4.9%, 6.072E+00, 4.7%, 5.957E+00, 4.8%, 5.569E+00, 4.8%, 5.294E+00, 4.6%
6, T, 7.968E-17, 5.9%, 7.227E-17, 4.0%, 7.081E-17, 3.2%, 6.632E-17, 2.7%, 6.906E-17, 2.3%, 7.048E-17, 2.1%, 7.091E-17, 1.9%, 6.914E-17, 1.8%, 6.715E-17, 1.7%, 6.751E-17, 1.6%, 6.584E-17, 1.5%, 6.530E-17, 1.5%, 6.397E-17, 1.4%, 6.177E-17, 1.4%, 6.064E-17, 1.4%, 5.881E-17, 1.4%, 5.802E-17, 1.3%, 5.436E-17, 1.3%, 5.348E-17, 1.3%, 5.131E-17, 1.3%, 5.028E-17, 1.3%, 4.870E-17, 1.3%, 4.633E-17, 1.2%, 4.449E-17, 1.3%, 4.194E-17, 1.2%, 4.062E-17, 1.3%, 3.803E-17, 1.3%, 3.599E-17, 1.3%, 3.460E-17, 1.3%, 3.217E-17, 1.3%, 3.047E-17, 1.3%, 2.842E-17, 1.3%, 2.665E-17, 1.4%, 2.400E-17, 1.4%, 2.243E-17, 1.4%, 2.047E-17, 1.5%, 1.825E-17, 1.5%, 1.662E-17, 1.6%, 1.531E-17, 1.6%, 1.394E-17, 1.7%, 1.269E-17, 1.7%, 1.141E-17, 1.8%, 1.025E-17, 1.8%, 9.535E-18, 1.9%, 8.620E-18, 1.9%, 7.774E-18, 2.0%, 7.109E-18, 2.1%, 6.480E-18, 2.1%, 6.002E-18, 2.2%, 5.502E-18, 2.2%, 4.878E-18, 2.3%, 4.550E-18, 2.3%, 4.251E-18, 2.4%, 4.083E-18, 2.5%, 3.845E-18, 2.5%, 3.452E-18, 2.5%, 3.369E-18, 2.7%, 2.988E-18, 2.7%, 2.603E-18, 2.8%, 2.275E-18, 2.8%
6, TS, 7.433E-17, 5.9%, 6.740E-17, 4.0%, 6.598E-17, 3.2%, 6.191E-17, 2.7%, 6.442E-17, 2.3%, 6.574E-17, 2.1%, 6.618E-17, 1.9%, 6.453E-17, 1.8%, 6.263E-17, 1.7%, 6.294E-17, 1.6%, 6.142E-17, 1.5%, 6.097E-17, 1.5%, 5.968E-17, 1.4%, 5.766E-17, 1.4%, 5.656E-17, 1.4%, 5.487E-17, 1.3%, 5.411E-17, 1.3%, 5.072E-17, 1.3%, 4.991E-17, 1.3%, 4.789E-17, 1.3%, 4.692E-17, 1.3%, 4.542E-17, 1.3%, 4.323E-17, 1.2%, 4.153E-17, 1.3%, 3.914E-17, 1.2%, 3.790E-17, 1.3%, 3.548E-17, 1.3%, 3.358E-17, 1.3%, 3.228E-17, 1.3%, 3.001E-17, 1.3%, 2.842E-17, 1.3%, 2.652E-17, 1.3%, 2.488E-17, 1.4%, 2.239E-17, 1.4%, 2.095E-17, 1.4%, 1.910E-17, 1.5%, 1.702E-17, 1.5%, 1.551E-17, 1.5%, 1.429E-17, 1.6%, 1.302E-17, 1.7%, 1.185E-17, 1.7%, 1.064E-17, 1.8%, 9.562E-18, 1.8%, 8.891E-18, 1.9%, 8.040E-18, 1.9%, 7.253E-18, 2.0%, 6.639E-18, 2.0%, 6.050E-18, 2.1%, 5.601E-18, 2.2%, 5.134E-18, 2.2%, 4.558E-18, 2.2%, 4.250E-18, 2.3%, 3.968E-18, 2.3%, 3.815E-18, 2.5%, 3.590E-18, 2.5%, 3.220E-18, 2.5%, 3.145E-18, 2.6%, 2.791E-18, 2.7%, 2.433E-18, 2.8%, 2.124E-18, 2.8%
6, K, 9.667E-17, 25.7%, 8.708E-17, 16.7%, 1.060E-16, 11.2%, 9.570E-17, 9.7%, 1.128E-16, 8.1%, 1.054E-16, 7.7%, 1.018E-16, 7.4%, 9.934E-17, 6.6%, 8.782E-17, 6.5%, 9.818E-17, 6.1%, 8.827E-17, 5.9%, 1.048E-16, 5.3%, 9.057E-17, 5.4%, 8.433E-17, 5.4%, 8.383E-17, 5.3%, 7.627E-17, 5.2%, 8.531E-17, 4.9%, 7.496E-17, 5.0%, 6.722E-17, 5.1%, 7.258E-17, 4.9%, 6.783E-17, 4.9%, 6.497E-17, 4.8%, 6.810E-17, 4.8%, 6.014E-17, 4.9%, 5.590E-17, 5.1%, 5.478E-17, 4.9%, 4.422E-17, 5.2%, 4.864E-17, 5.0%, 4.507E-17, 5.1%, 3.789E-17, 5.3%, 3.682E-17, 5.4%, 3.366E-17, 5.7%, 2.971E-17, 5.8%, 2.547E-17, 6.1%, 2.158E-17, 6.5%, 2.137E-17, 6.5%, 1.675E-17, 7.0%, 1.383E-17, 7.9%, 1.139E-17, 8.4%, 1.268E-17, 8.3%, 8.368E-18, 9.8%, 7.990E-18, 10.4%, 7.333E-18, 10.5%, 5.256E-18, 12.3%, 3.858E-18, 14.7%, 2.647E-18, 15.0%, 1.775E-18, 18.8%, 1.310E-18, 19.2%, 1.225E-18, 21.9%, 1.151E-18, 20.3%, 6.409E-19, 24.5%, 6.983E-19, 24.5%, 1.023E-18, 19.4%, 4.006E-19, 23.6%, 5.288E-19, 22.2%, 6.731E-19, 21.4%, 6.055E-19, 20.4%, 4.444E-19, 19.5%, 5.863E-19, 19.9%, 4.481E-19, 21.2%
6, DK, 8.242E-01, 26.4%, 8.299E-01, 17.2%, 6.682E-01, 11.6%, 6.929E-01, 10.1%, 6.121E-01, 8.4%, 6.684E-01, 8.0%, 6.968E-01, 7.6%, 6.961E-01, 6.8%, 7.646E-01, 6.7%, 6.876E-01, 6.3%, 7.460E-01, 6.1%, 6.233E-01, 5.5%, 7.063E-01, 5.6%, 7.325E-01, 5.5%, 7.234E-01, 5.4%, 7.711E-01, 5.3%, 6.800E-01, 5.1%, 7.252E-01, 5.1%, 7.955E-01, 5.2%, 7.069E-01, 5.1%, 7.413E-01, 5.0%, 7.496E-01, 5.0%, 6.803E-01, 5.0%, 7.398E-01, 5.0%, 7.502E-01, 5.2%, 7.415E-01, 5.0%, 8.600E-01, 5.3%, 7.400E-01, 5.1%, 7.677E-01, 5.3%, 8.491E-01, 5.5%, 8.275E-01, 5.6%, 8.442E-01, 5.8%, 8.971E-01, 6.0%, 9.426E-01, 6.3%, 1.039E+00, 6.7%, 9.575E-01, 6.7%, 1.089E+00, 7.2%, 1.202E+00, 8.0%, 1.344E+00, 8.6%, 1.100E+00, 8.5%, 1.517E+00, 9.9%, 1.428E+00, 10.5%, 1.397E+00, 10.7%, 1.814E+00, 12.4%, 2.234E+00, 14.8%, 2.937E+00, 15.1%, 4.005E+00, 18.9%, 4.945E+00, 19.3%, 4.901E+00, 22.0%, 4.779E+00, 20.4%, 7.611E+00, 24.6%, 6.516E+00, 24.6%, 4.155E+00, 19.5%, 1.019E+01, 23.7%, 7.272E+00, 22.3%, 5.129E+00, 21.5%, 5.564E+00, 20.6%, 6.724E+00, 19.7%, 4.440E+00, 20.1%, 5.077E+00, 21.4%
7, T, 4.340E-17, 2.6%, 4.276E-17, 1.7%, 4.272E-17, 1.4%, 4.214E-17, 1.2%, 4.215E-17, 1.1%, 4.168E-17, 1.0%, 4.149E-17, 0.9%, 4.109E-17, 0.8%, 4.079E-17, 0.8%, 4.054E-17, 0.8%, 3.989E-17, 0.7%, 3.934E-17, 0.7%, 3.873E-17, 0.7%, 3.779E-17, 0.7%, 3.706E-17, 0.6%, 3.632E-17, 0.6%, 3.527E-17, 0.6%, 3.448E-17, 0.6%, 3.349E-17, 0.6%, 3.269E-17, 0.6%, 3.178E-17, 0.6%, 3.055E-17, 0.6%, 2.969E-17, 0.6%, 2.859E-17, 0.6%, 2.768E-17, 0.6%, 2.647E-17, 0.6%, 2.540E-17, 0.6%, 2.453E-17, 0.6%, 2.343E-17, 0.6%, 2.222E-17, 0.6%, 2.119E-17, 0.6%, 2.017E-17, 0.6%, 1.923E-17, 0.6%, 1.809E-17, 0.6%, 1.690E-17, 0.6%, 1.600E-17, 0.6%, 1.503E-17, 0.6%, 1.413E-17, 0.6%, 1.333E-17, 0.6%, 1.254E-17, 0.6%, 1.184E-17, 0.6%, 1.111E-17, 0.6%, 1.054E-17, 0.6%, 9.865E-18, 0.6%, 9.238E-18, 0.6%, 8.652E-18, 0.6%, 8.135E-18, 0.6%, 7.644E-18, 0.6%, 7.280E-18, 0.6%, 6.890E-18, 0.6%, 6.562E-18, 0.7%, 6.210E-18, 0.7%, 5.840E-18, 0.7%, 5.509E-18, 0.7%, 5.193E-18, 0.7%, 4.928E-18, 0.7%, 4.671E-18, 0.7%, 4.404E-18, 0.7%, 4.088E-18, 0.7%, 3.691E-18, 0.7%
7, TS, 4.049E-17, 2.6%, 3.994E-17, 1.7%, 3.991E-17, 1.4%, 3.937E-17, 1.2%, 3.935E-17, 1.1%, 3.894E-17, 1.0%, 3.875E-17, 0.9%, 3.839E-17, 0.8%, 3.813E-17, 0.8%, 3.787E-17, 0.8%, 3.725E-17, 0.7%, 3.674E-17, 0.7%, 3.617E-17, 0.7%, 3.530E-17, 0.7%, 3.460E-17, 0.6%, 3.392E-17, 0.6%, 3.294E-17, 0.6%, 3.221E-17, 0.6%, 3.127E-17, 0.6%, 3.053E-17, 0.6%, 2.969E-17, 0.6%, 2.855E-17, 0.6%, 2.774E-17, 0.6%, 2.671E-17, 0.6%, 2.586E-17, 0.6%, 2.473E-17, 0.6%, 2.373E-17, 0.5%, 2.291E-17, 0.5%, 2.189E-17, 0.5%, 2.076E-17, 0.6%, 1.980E-17, 0.6%, 1.884E-17, 0.6%, 1.796E-17, 0.6%, 1.691E-17, 0.6%, 1.579E-17, 0.6%, 1.495E-17, 0.6%, 1.404E-17, 0.6%, 1.319E-17, 0.6%, 1.245E-17, 0.6%, 1.172E-17, 0.6%, 1.107E-17, 0.6%, 1.038E-17, 0.6%, 9.852E-18, 0.6%, 9.216E-18, 0.6%, 8.632E-18, 0.6%, 8.083E-18, 0.6%, 7.600E-18, 0.6%, 7.144E-18, 0.6%, 6.802E-18, 0.6%, 6.439E-18, 0.6%, 6.130E-18, 0.7%, 5.802E-18, 0.7%, 5.456E-18, 0.7%, 5.147E-18, 0.7%, 4.853E-18, 0.7%, 4.605E-18, 0.7%, 4.368E-18, 0.7%, 4.116E-18, 0.7%, 3.822E-18, 0.7%, 3.453E-18, 0.7%
7, K, 9.242E-17, 13.6%, 9.891E-17, 7.3%, 9.943E-17, 5.7%, 9.207E-17, 4.9%, 9.739E-17, 4.3%, 1.005E-16, 3.9%, 9.200E-17, 3.7%, 9.185E-17, 3.4%, 9.613E-17, 3.2%, 9.359E-17, 3.1%, 9.232E-17, 2.9%, 8.822E-17, 2.8%, 8.769E-17, 2.7%, 8.665E-17, 2.7%, 8.625E-17, 2.6%, 8.022E-17, 2.5%, 7.815E-17, 2.5%, 7.591E-17, 2.5%, 7.437E-17, 2.4%, 6.857E-17, 2.4%, 6.453E-17, 2.5%, 6.284E-17, 2.5%, 6.143E-17, 2.4%, 5.708E-17, 2.4%, 5.374E-17, 2.5%, 5.302E-17, 2.5%, 4.843E-17, 2.5%, 4.423E-17, 2.6%, 4.318E-17, 2.6%, 3.886E-17, 2.7%, 3.456E-17, 2.8%, 3.527E-17, 2.7%, 3.000E-17, 2.9%, 2.760E-17, 3.0%, 2.371E-17, 3.1%, 2.007E-17, 3.4%, 1.723E-17, 3.6%, 1.461E-17, 3.9%, 1.289E-17, 4.0%, 1.091E-17, 4.4%, 9.043E-18, 4.7%, 7.554E-18, 5.2%, 5.577E-18, 5.8%, 4.854E-18, 6.2%, 3.887E-18, 6.7%, 3.149E-18, 7.6%, 2.141E-18, 8.6%, 1.820E-18, 9.2%, 1.196E-18, 10.7%, 1.083E-18, 10.8%, 7.693E-19, 11.5%, 9.286E-19, 10.7%, 6.573E-19, 12.0%, 5.711E-19, 12.3%, 6.183E-19, 12.0%, 4.904E-19, 12.1%, 6.357E-19, 10.7%, 5.124E-19, 11.6%, 4.954E-19, 11.1%, 3.754E-19, 12.1%
7, DK, 4.696E-01, 13.8%, 4.323E-01, 7.5%, 4.296E-01, 5.8%, 4.576E-01, 5.1%, 4.328E-01, 4.4%, 4.148E-01, 4.0%, 4.510E-01, 3.8%, 4.474E-01, 3.6%, 4.243E-01, 3.3%, 4.332E-01, 3.2%, 4.321E-01, 3.0%, 4.459E-01, 2.9%, 4.417E-01, 2.8%, 4.361E-01, 2.7%, 4.296E-01, 2.7%, 4.527E-01, 2.6%, 4.513E-01, 2.6%, 4.542E-01, 2.6%, 4.503E-01, 2.5%, 4.767E-01, 2.5%, 4.925E-01, 2.5%, 4.861E-01, 2.5%, 4.834E-01, 2.5%, 5.008E-01, 2.5%, 5.152E-01, 2.6%, 4.991E-01, 2.5%, 5.244E-01, 2.6%, 5.544E-01, 2.6%, 5.425E-01, 2.6%, 5.719E-01, 2.7%, 6.133E-01, 2.9%, 5.718E-01, 2.8%, 6.411E-01, 2.9%, 6.553E-01, 3.0%, 7.129E-01, 3.2%, 7.974E-01, 3.4%, 8.720E-01, 3.6%, 9.665E-01, 3.9%, 1.034E+00, 4.1%, 1.149E+00, 4.4%, 1.310E+00, 4.7%, 1.471E+00, 5.2%, 1.891E+00, 5.8%, 2.033E+00, 6.3%, 2.377E+00, 6.7%, 2.748E+00, 7.6%, 3.799E+00, 8.6%, 4.200E+00, 9.2%, 6.085E+00, 10.7%, 6.360E+00, 10.9%, 8.530E+00, 11.5%, 6.688E+00, 10.8%, 8.885E+00, 12.0%, 9.647E+00, 12.3%, 8.399E+00, 12.0%, 1.005E+01, 12.1%, 7.348E+00, 10.7%, 8.596E+00, 11.7%, 8.252E+00, 11.1%, 9.833E+00, 12.2%
8, T, 3.246E-17, 11.6%, 3.344E-17, 6.8%, 3.576E-17, 5.2%, 3.230E-17, 4.3%, 3.337E-17, 3.9%, 3.269E-17, 3.6%, 3.592E-17, 3.2%, 3.287E-17, 3.2%, 3.215E-17, 2.9%, 3.256E-17, 2.8%, 3.122E-17, 2.6%, 3.101E-17, 2.5%, 3.110E-17, 2.5%, 3.010E-17, 2.4%, 2.978E-17, 2.4%, 2.949E-17, 2.3%, 2.805E-17, 2.2%, 2.775E-17, 2.2%, 2.616E-17, 2.1%, 2.563E-17, 2.1%, 2.525E-17, 2.1%, 2.481E-17, 2.1%, 2.427E-17, 2.1%, 2.365E-17, 2.0%, 2.231E-17, 2.1%, 2.183E-17, 2.0%, 2.090E-17, 2.0%, 1.928E-17, 2.0%, 1.868E-17, 2.0%, 1.822E-17, 2.0%, 1.722E-17, 2.0%, 1.618E-17, 2.1%, 1.533E-17, 2.0%, 1.499E-17, 2.0%, 1.440E-17, 2.1%, 1.362E-17, 2.1%, 1.313E-17, 2.1%, 1.194E-17, 2.1%, 1.138E-17, 2.2%, 1.075E-17, 2.2%, 1.026E-17, 2.3%, 9.457E-18, 2.3%, 8.936E-18, 2.2%, 8.719E-18, 2.3%, 8.124E-18, 2.3%, 7.875E-18, 2.4%, 7.189E-18, 2.4%, 6.888E-18, 2.5%, 6.416E-18, 2.4%, 6.096E-18, 2.5%, 5.950E-18, 2.5%, 5.627E-18, 2.4%, 5.362E-18, 2.5%, 5.401E-18, 2.6%, 4.935E-18, 2.5%, 4.743E-18, 2.6%, 4.536E-18, 2.7%, 4.115E-18, 2.7%, 3.809E-18, 2.6%, 3.480E-18, 2.5%
8, TS, 3.044E-17, 11.5%, 3.122E-17, 6.7%, 3.345E-17, 5.1%, 3.009E-17, 4.3%, 3.110E-17, 3.8%, 3.050E-17, 3.6%, 3.359E-17, 3.2%, 3.074E-17, 3.1%, 3.000E-17, 2.9%, 3.035E-17, 2.8%, 2.919E-17, 2.6%, 2.902E-17, 2.5%, 2.907E-17, 2.5%, 2.807E-17, 2.4%, 2.780E-17, 2.3%, 2.752E-17, 2.3%, 2.615E-17, 2.2%, 2.597E-17, 2.2%, 2.442E-17, 2.1%, 2.394E-17, 2.1%, 2.358E-17, 2.1%, 2.318E-17, 2.1%, 2.268E-17, 2.0%, 2.207E-17, 2.0%, 2.083E-17, 2.1%, 2.038E-17, 2.0%, 1.952E-17, 2.0%, 1.803E-17, 2.0%, 1.746E-17, 2.0%, 1.701E-17, 2.0%, 1.606E-17, 2.0%, 1.513E-17, 2.1%, 1.430E-17, 2.0%, 1.401E-17, 2.0%, 1.344E-17, 2.1%, 1.271E-17, 2.1%, 1.228E-17, 2.1%, 1.114E-17, 2.1%, 1.062E-17, 2.2%, 1.004E-17, 2.2%, 9.604E-18, 2.3%, 8.838E-18, 2.3%, 8.362E-18, 2.2%, 8.136E-18, 2.2%, 7.600E-18, 2.3%, 7.356E-18, 2.4%, 6.718E-18, 2.4%, 6.439E-18, 2.4%, 6.009E-18, 2.4%, 5.693E-18, 2.5%, 5.568E-18, 2.5%, 5.259E-18, 2.4%, 5.016E-18, 2.5%, 5.051E-18, 2.5%, 4.606E-18, 2.5%, 4.419E-18, 2.6%, 4.242E-18, 2.7%, 3.849E-18, 2.6%, 3.569E-18, 2.5%, 3.259E-18, 2.5%
8, K, 1.268E-16, 48.9%, 6.940E-17, 37.9%, 1.193E-16, 24.0%, 1.127E-16, 19.2%, 8.060E-17, 20.5%, 7.811E-17, 18.1%, 7.438E-17, 17.5%, 1.308E-16, 13.4%, 8.701E-17, 14.3%, 9.602E-17, 12.9%, 7.661E-17, 13.7%, 9.654E-17, 11.7%, 9.690E-17, 11.8%, 8.938E-17, 12.3%, 7.762E-17, 11.9%, 8.684E-17, 11.2%, 7.382E-17, 11.5%, 7.795E-17, 10.6%, 8.265E-17, 10.4%, 7.400E-17, 10.5%, 5.424E-17, 11.4%, 5.392E-17, 11.5%, 5.845E-17, 11.0%, 6.921E-17, 10.2%, 5.721E-17, 10.6%, 5.786E-17, 10.8%, 4.723E-17, 10.7%, 4.035E-17, 12.0%, 3.878E-17, 11.9%, 4.147E-17, 10.8%, 4.005E-17, 11.4%, 3.145E-17, 12.5%, 3.084E-17, 12.1%, 2.789E-17, 13.7%, 2.150E-17, 15.2%, 1.948E-17, 14.5%, 1.696E-17, 14.5%, 1.191E-17, 18.5%, 1.326E-17, 18.5%, 8.791E-18, 19.6%, 1.181E-17, 17.7%, 8.101E-18, 22.2%, 5.384E-18, 23.5%, 3.011E-18, 37.5%, 2.901E-18, 27.1%, 1.922E-18, 41.4%, 2.859E-18, 29.4%, 1.040E-18, 52.5%, 7.860E-19, 44.8%, 2.382E-18, 39.2%, 1.052E-18, 45.4%, 1.468E-19, 48.5%, 3.373E-19, 46.5%, 4.753E-19, 48.7%, 7.111E-19, 47.1%, 6.148E-19, 48.1%, 4.342E-19, 50.5%, 3.235E-19, 57.7%, 1.497E-19, 67.5%, 4.077E-19, 41.6%
8, DK, 2.560E-01, 50.2%, 4.819E-01, 38.5%, 2.997E-01, 24.6%, 2.867E-01, 19.7%, 4.140E-01, 20.9%, 4.184E-01, 18.5%, 4.830E-01, 17.8%, 2.513E-01, 13.8%, 3.695E-01, 14.6%, 3.391E-01, 13.2%, 4.076E-01, 13.9%, 3.212E-01, 12.0%, 3.209E-01, 12.0%, 3.367E-01, 12.6%, 3.837E-01, 12.1%, 3.396E-01, 11.4%, 3.800E-01, 11.7%, 3.560E-01, 10.9%, 3.165E-01, 10.6%, 3.464E-01, 10.7%, 4.656E-01, 11.6%, 4.601E-01, 11.7%, 4.152E-01, 11.2%, 3.417E-01, 10.4%, 3.899E-01, 10.8%, 3.773E-01, 11.0%, 4.426E-01, 10.9%, 4.777E-01, 12.2%, 4.818E-01, 12.0%, 4.394E-01, 11.0%, 4.299E-01, 11.6%, 5.144E-01, 12.7%, 4.972E-01, 12.3%, 5.377E-01, 13.8%, 6.696E-01, 15.3%, 6.989E-01, 14.7%, 7.744E-01, 14.6%, 1.002E+00, 18.6%, 8.583E-01, 18.7%, 1.223E+00, 19.7%, 8.694E-01, 17.8%, 1.167E+00, 22.3%, 1.660E+00, 23.6%, 2.895E+00, 37.6%, 2.801E+00, 27.2%, 4.097E+00, 41.5%, 2.515E+00, 29.5%, 6.622E+00, 52.5%, 8.162E+00, 44.9%, 2.559E+00, 39.3%, 5.658E+00, 45.5%, 3.832E+01, 48.5%, 1.589E+01, 46.5%, 1.136E+01, 48.7%, 6.940E+00, 47.2%, 7.714E+00, 48.2%, 1.045E+01, 50.6%, 1.272E+01, 57.8%, 2.545E+01, 67.6%, 8.536E+00, 41.7%
9, T, 3.248E-17, 3.2%, 3.262E-17, 2.1%, 3.214E-17, 1.6%, 3.232E-17, 1.4%, 3.222E-17, 1.3%, 3.172E-17, 1.1%, 3.143E-17, 1.1%, 3.112E-17, 1.0%, 3.089E-17, 0.9%, 3.012E-17, 0.9%, 3.013E-17, 0.9%, 2.974E-17, 0.8%, 2.912E-17, 0.8%, 2.874E-17, 0.8%, 2.807E-17, 0.8%, 2.711E-17, 0.7%, 2.682E-17, 0.7%, 2.618E-17, 0.7%, 2.563E-17, 0.7%, 2.504E-17, 0.7%, 2.435E-17, 0.7%, 2.359E-17, 0.7%, 2.278E-17, 0.7%, 2.214E-17, 0.7%, 2.127E-17, 0.7%, 2.049E-17, 0.6%, 1.978E-17, 0.6%, 1.892E-17, 0.6%, 1.827E-17, 0.6%, 1.738E-17, 0.6%, 1.667E-17, 0.6%, 1.578E-17, 0.7%, 1.507E-17, 0.7%, 1.430E-17, 0.7%, 1.340E-17, 0.7%, 1.281E-17, 0.7%, 1.215E-17, 0.7%, 1.147E-17, 0.7%, 1.065E-17, 0.7%, 1.003E-17, 0.7%, 9.475E-18, 0.7%, 9.043E-18, 0.7%, 8.468E-18, 0.7%, 7.984E-18, 0.7%, 7.588E-18, 0.7%, 7.122E-18, 0.7%, 6.749E-18, 0.7%, 6.400E-18, 0.7%, 6.090E-18, 0.7%, 5.793E-18, 0.7%, 5.516E-18, 0.8%, 5.233E-18, 0.8%, 5.026E-18, 0.8%, 4.771E-18, 0.8%, 4.471E-18, 0.8%, 4.264E-18, 0.8%, 3.985E-18, 0.8%, 3.825E-18, 0.8%, 3.555E-18, 0.8%, 3.207E-18, 0.7%
9, TS, 3.031E-17, 3.2%, 3.047E-17, 2.1%, 3.001E-17, 1.6%, 3.018E-17, 1.4%, 3.007E-17, 1.2%, 2.963E-17, 1.1%, 2.935E-17, 1.1%, 2.905E-17, 1.0%, 2.883E-17, 0.9%, 2.812E-17, 0.9%, 2.812E-17, 0.9%, 2.775E-17, 0.8%, 2.718E-17, 0.8%, 2.683E-17, 0.8%, 2.622E-17, 0.7%, 2.532E-17, 0.7%, 2.504E-17, 0.7%, 2.445E-17, 0.7%, 2.394E-17, 0.7%, 2.336E-17, 0.7%, 2.274E-17, 0.7%, 2.202E-17, 0.7%, 2.127E-17, 0.7%, 2.068E-17, 0.7%, 1.986E-17, 0.6%, 1.912E-17, 0.6%, 1.846E-17, 0.6%, 1.767E-17, 0.6%, 1.706E-17, 0.6%, 1.622E-17, 0.6%, 1.557E-17, 0.6%, 1.473E-17, 0.6%, 1.407E-17, 0.7%, 1.334E-17, 0.7%, 1.251E-17, 0.7%, 1.196E-17, 0.7%, 1.135E-17, 0.7%, 1.072E-17, 0.7%, 9.955E-18, 0.7%, 9.370E-18, 0.7%, 8.854E-18, 0.7%, 8.445E-18, 0.7%, 7.915E-18, 0.7%, 7.460E-18, 0.7%, 7.085E-18, 0.7%, 6.656E-18, 0.7%, 6.306E-18, 0.7%, 5.982E-18, 0.7%, 5.690E-18, 0.7%, 5.414E-18, 0.7%, 5.153E-18, 0.7%, 4.892E-18, 0.8%, 4.697E-18, 0.8%, 4.457E-18, 0.8%, 4.183E-18, 0.8%, 3.984E-18, 0.8%, 3.727E-18, 0.8%, 3.576E-18, 0.8%, 3.326E-18, 0.8%, 3.000E-18, 0.7%
9, K, 1.090E-16, 12.8%, 1.014E-16, 7.3%, 8.870E-17, 6.2%, 9.605E-17, 4.9%, 8.926E-17, 4.5%, 9.133E-17, 4.1%, 9.127E-17, 3.7%, 8.901E-17, 3.5%, 8.896E-17, 3.3%, 9.067E-17, 3.1%, 8.545E-17, 3.0%, 8.393E-17, 2.9%, 8.339E-17, 2.8%, 8.394E-17, 2.7%, 7.999E-17, 2.7%, 7.891E-17, 2.6%, 7.906E-17, 2.5%, 7.360E-17, 2.6%, 7.109E-17, 2.5%, 6.900E-17, 2.5%, 6.316E-17, 2.5%, 6.198E-17, 2.5%, 5.989E-17, 2.5%, 5.699E-17, 2.5%, 5.404E-17, 2.5%, 5.055E-17, 2.5%, 4.711E-17, 2.6%, 4.722E-17, 2.5%, 4.153E-17, 2.6%, 3.980E-17, 2.7%, 3.484E-17, 2.7%, 3.062E-17, 2.8%, 3.011E-17, 2.9%, 2.621E-17, 3.0%, 2.362E-17, 3.2%, 2.119E-17, 3.3%, 1.835E-17, 3.5%, 1.628E-17, 3.8%, 1.262E-17, 4.0%, 1.015E-17, 4.4%, 8.496E-18, 4.7%, 7.542E-18, 5.2%, 6.356E-18, 5.5%, 4.744E-18, 6.3%, 3.868E-18, 6.9%, 3.050E-18, 7.7%, 2.013E-18, 8.8%, 1.657E-18, 9.9%, 1.319E-18, 10.3%, 1.065E-18, 11.2%, 7.963E-19, 13.2%, 8.096E-19, 13.3%, 5.620E-19, 13.5%, 5.273E-19, 14.6%, 3.177E-19, 15.2%, 4.059E-19, 13.9%, 4.326E-19, 12.1%, 5.113E-19, 13.6%, 4.031E-19, 11.7%, 3.838E-19, 12.6%
9, DK, 2.981E-01, 13.2%, 3.215E-01, 7.6%, 3.623E-01, 6.4%, 3.365E-01, 5.1%, 3.610E-01, 4.6%, 3.473E-01, 4.2%, 3.444E-01, 3.9%, 3.497E-01, 3.7%, 3.473E-01, 3.4%, 3.321E-01, 3.2%, 3.526E-01, 3.1%, 3.543E-01, 3.0%, 3.492E-01, 2.9%, 3.424E-01, 2.8%, 3.509E-01, 2.8%, 3.435E-01, 2.7%, 3.392E-01, 2.6%, 3.557E-01, 2.6%, 3.606E-01, 2.6%, 3.629E-01, 2.6%, 3.854E-01, 2.6%, 3.806E-01, 2.6%, 3.803E-01, 2.5%, 3.886E-01, 2.6%, 3.935E-01, 2.6%, 4.054E-01, 2.6%, 4.198E-01, 2.6%, 4.008E-01, 2.6%, 4.400E-01, 2.7%, 4.367E-01, 2.7%, 4.786E-01, 2.8%, 5.153E-01, 2.9%, 5.004E-01, 3.0%, 5.455E-01, 3.1%, 5.671E-01, 3.3%, 6.042E-01, 3.4%, 6.621E-01, 3.6%, 7.049E-01, 3.8%, 8.440E-01, 4.0%, 9.879E-01, 4.4%, 1.115E+00, 4.8%, 1.199E+00, 5.2%, 1.332E+00, 5.5%, 1.683E+00, 6.3%, 1.962E+00, 7.0%, 2.335E+00, 7.7%, 3.353E+00, 8.8%, 3.863E+00, 9.9%, 4.617E+00, 10.3%, 5.439E+00, 11.3%, 6.928E+00, 13.2%, 6.463E+00, 13.3%, 8.943E+00, 13.5%, 9.048E+00, 14.6%, 1.407E+01, 15.2%, 1.050E+01, 14.0%, 9.212E+00, 12.1%, 7.480E+00, 13.6%, 8.818E+00, 11.7%, 8.356E+00, 12.6%
10, T, 2.539E-17, 11.8%, 3.234E-17, 7.8%, 3.162E-17, 5.6%, 2.881E-17, 4.9%, 3.086E-17, 4.0%, 3.111E-17, 4.0%, 3.001E-17, 3.5%, 2.908E-17, 3.3%, 2.894E-17, 3.1%, 2.939E-17, 2.9%, 2.826E-17, 2.8%, 2.864E-17, 2.6%, 2.816E-17, 2.6%, 2.679E-17, 2.5%, 2.677E-17, 2.5%, 2.647E-17, 2.4%, 2.515E-17, 2.4%, 2.569E-17, 2.4%, 2.425E-17, 2.3%, 2.384E-17, 2.2%, 2.360E-17, 2.2%, 2.285E-17, 2.2%, 2.252E-17, 2.2%, 2.130E-17, 2.1%, 1.979E-17, 2.2%, 1.925E-17, 2.2%, 1.894E-17, 2.2%, 1.868E-17, 2.2%, 1.789E-17, 2.2%, 1.632E-17, 2.2%, 1.579E-17, 2.1%, 1.496E-17, 2.1%, 1.481E-17, 2.1%, 1.432E-17, 2.2%, 1.301E-17, 2.2%, 1.202E-17, 2.2%, 1.128E-17, 2.2%, 1.060E-17, 2.3%, 1.004E-17, 2.4%, 9.459E-18, 2.4%, 9.296E-18, 2.4%, 8.753E-18, 2.5%, 7.677E-18, 2.4%, 7.301E-18, 2.5%, 7.152E-18, 2.4%, 6.665E-18, 2.5%, 6.612E-18, 2.6%, 6.013E-18, 2.6%, 5.925E-18, 2.6%, 5.539E-18, 2.6%, 4.992E-18, 2.7%, 4.782E-18, 2.7%, 4.395E-18, 2.8%, 4.413E-18, 2.8%, 4.167E-18, 2.7%, 4.005E-18, 3.1%, 3.753E-18, 2.9%, 3.603E-18, 3.0%, 3.245E-18, 2.9%, 2.991E-18, 2.9%
10, TS, 2.380E-17, 11.7%, 3.021E-17, 7.7%, 2.949E-17, 5.5%, 2.694E-17, 4.9%, 2.890E-17, 4.0%, 2.909E-17, 3.9%, 2.811E-17, 3.5%, 2.709E-17, 3.2%, 2.700E-17, 3.0%, 2.741E-17, 2.9%, 2.636E-17, 2.8%, 2.675E-17, 2.6%, 2.630E-17, 2.6%, 2.505E-17, 2.5%, 2.498E-17, 2.5%, 2.471E-17, 2.4%, 2.352E-17, 2.3%, 2.395E-17, 2.4%, 2.261E-17, 2.2%, 2.224E-17, 2.2%, 2.205E-17, 2.1%, 2.136E-17, 2.1%, 2.099E-17, 2.2%, 1.985E-17, 2.1%, 1.847E-17, 2.2%, 1.798E-17, 2.1%, 1.767E-17, 2.2%, 1.741E-17, 2.2%, 1.668E-17, 2.2%, 1.521E-17, 2.1%, 1.475E-17, 2.1%, 1.397E-17, 2.1%, 1.383E-17, 2.1%, 1.336E-17, 2.2%, 1.216E-17, 2.1%, 1.124E-17, 2.2%, 1.055E-17, 2.2%, 9.905E-18, 2.3%, 9.396E-18, 2.3%, 8.861E-18, 2.3%, 8.691E-18, 2.4%, 8.162E-18, 2.5%, 7.164E-18, 2.4%, 6.828E-18, 2.5%, 6.686E-18, 2.4%, 6.221E-18, 2.5%, 6.182E-18, 2.5%, 5.632E-18, 2.6%, 5.537E-18, 2.6%, 5.162E-18, 2.6%, 4.670E-18, 2.7%, 4.469E-18, 2.7%, 4.114E-18, 2.7%, 4.115E-18, 2.8%, 3.891E-18, 2.7%, 3.738E-18, 3.0%, 3.513E-18, 2.9%, 3.357E-18, 3.0%, 3.030E-18, 2.9%, 2.794E-18, 2.8%
10, K, 5.071E-17, 61.7%, 6.900E-17, 37.1%, 7.083E-17, 32.6%, 8.795E-17, 22.5%, 1.176E-16, 17.4%, 7.114E-17, 19.3%, 1.041E-16, 15.8%, 9.622E-17, 16.3%, 7.017E-17, 15.2%, 7.583E-17, 13.3%, 8.044E-17, 13.8%, 8.922E-17, 13.0%, 9.379E-17, 12.2%, 6.626E-17, 12.8%, 9.203E-17, 11.2%, 7.820E-17, 10.9%, 7.602E-17, 11.1%, 7.593E-17, 11.5%, 6.970E-17, 11.4%, 6.954E-17, 10.5%, 7.662E-17, 10.1%, 5.833E-17, 11.7%, 6.792E-17, 10.2%, 6.252E-17, 10.5%, 5.642E-17, 10.5%, 4.110E-17, 12.4%, 5.652E-17, 10.6%, 3.672E-17, 12.3%, 4.147E-17, 11.6%, 4.379E-17, 10.9%, 3.447E-17, 12.2%, 2.704E-17, 12.9%, 3.248E-17, 13.1%, 3.290E-17, 12.6%, 2.171E-17, 14.0%, 2.560E-17, 13.7%, 1.902E-17, 16.5%, 1.785E-17, 15.0%, 1.484E-17, 16.4%, 1.043E-17, 18.8%, 5.259E-18, 24.7%, 6.745E-18, 22.1%, 5.530E-18, 24.2%, 6.186E-18, 25.4%, 3.183E-18, 33.3%, 1.348E-18, 31.1%, 1.931E-18, 43.3%, 1.726E-18, 45.5%, 1.000E-18, 46.0%, 7.692E-19, 53.1%, 7.949E-19, 49.8%, 4.366E-19, 60.4%, 1.032E-19, 80.7%, 3.799E-19, 63.2%, 2.836E-19, 77.2%, 4.495E-19, 68.5%, 2.221E-19, 45.5%, 2.204E-19, 61.2%, 3.075E-19, 46.1%, 4.935E-19, 41.6%
10, DK, 5.008E-01, 62.8%, 4.686E-01, 37.9%, 4.464E-01, 33.1%, 3.276E-01, 23.0%, 2.624E-01, 17.8%, 4.374E-01, 19.7%, 2.884E-01, 16.2%, 3.022E-01, 16.6%, 4.124E-01, 15.5%, 3.875E-01, 13.6%, 3.513E-01, 14.1%, 3.211E-01, 13.3%, 3.002E-01, 12.5%, 4.043E-01, 13.0%, 2.909E-01, 11.5%, 3.385E-01, 11.2%, 3.308E-01, 11.4%, 3.383E-01, 11.8%, 3.479E-01, 11.6%, 3.428E-01, 10.7%, 3.081E-01, 10.4%, 3.918E-01, 11.9%, 3.316E-01, 10.4%, 3.407E-01, 10.7%, 3.509E-01, 10.8%, 4.683E-01, 12.6%, 3.352E-01, 10.9%, 5.086E-01, 12.5%, 4.314E-01, 11.8%, 3.728E-01, 11.1%, 4.581E-01, 12.4%, 5.534E-01, 13.1%, 4.559E-01, 13.2%, 4.354E-01, 12.8%, 5.992E-01, 14.2%, 4.697E-01, 13.9%, 5.931E-01, 16.6%, 5.937E-01, 15.1%, 6.768E-01, 16.6%, 9.066E-01, 18.9%, 1.768E+00, 24.8%, 1.298E+00, 22.2%, 1.388E+00, 24.4%, 1.180E+00, 25.5%, 2.247E+00, 33.4%, 4.943E+00, 31.2%, 3.424E+00, 43.4%, 3.484E+00, 45.6%, 5.924E+00, 46.1%, 7.201E+00, 53.2%, 6.280E+00, 49.9%, 1.095E+01, 60.5%, 4.257E+01, 80.8%, 1.162E+01, 63.2%, 1.470E+01, 77.2%, 8.909E+00, 68.6%, 1.689E+01, 45.6%, 1.635E+01, 61.3%, 1.055E+01, 46.2%, 6.060E+00, 41.7%
11, T, 3.010E-17, 2.3%, 2.983E-17, 1.5%, 2.990E-17, 1.3%, 2.959E-17, 1.1%, 2.979E-17, 1.0%, 2.945E-17, 0.9%, 2.911E-17, 0.8%, 2.927E-17, 0.8%, 2.888E-17, 0.7%, 2.868E-17, 0.7%, 2.824E-17, 0.7%, 2.779E-17, 0.6%, 2.725E-17, 0.6%, 2.678E-17, 0.6%, 2.622E-17, 0.6%, 2.588E-17, 0.6%, 2.531E-17, 0.5%, 2.473E-17, 0.5%, 2.406E-17, 0.5%, 2.330E-17, 0.5%, 2.252E-17, 0.5%, 2.200E-17, 0.5%, 2.130E-17, 0.5%, 2.059E-17, 0.5%, 1.996E-17, 0.5%, 1.915E-17, 0.5%, 1.853E-17, 0.5%, 1.771E-17, 0.5%, 1.680E-17, 0.5%, 1.618E-17, 0.5%, 1.540E-17, 0.5%, 1.474E-17, 0.5%, 1.403E-17, 0.5%, 1.333E-17, 0.5%, 1.264E-17, 0.5%, 1.192E-17, 0.5%, 1.119E-17, 0.5%, 1.058E-17, 0.5%, 9.977E-18, 0.5%, 9.393E-18, 0.5%, 8.746E-18, 0.5%, 8.276E-18, 0.5%, 7.771E-18, 0.5%, 7.311E-18, 0.5%, 6.874E-18, 0.6%, 6.507E-18, 0.6%, 6.145E-18, 0.6%, 5.818E-18, 0.6%, 5.481E-18, 0.6%, 5.175E-18, 0.6%, 4.925E-18, 0.6%, 4.694E-18, 0.6%, 4.471E-18, 0.6%, 4.231E-18, 0.6%, 4.024E-18, 0.6%, 3.824E-18, 0.6%, 3.591E-18, 0.6%, 3.387E-18, 0.6%, 3.138E-18, 0.6%, 2.825E-18, 0.6%
11, TS, 2.807E-17, 2.3%, 2.786E-17, 1.5%, 2.791E-17, 1.2%, 2.763E-17, 1.1%, 2.780E-17, 0.9%, 2.748E-17, 0.9%, 2.717E-17, 0.8%, 2.732E-17, 0.8%, 2.695E-17, 0.7%, 2.678E-17, 0.7%, 2.636E-17, 0.6%, 2.594E-17, 0.6%, 2.543E-17, 0.6%, 2.499E-17, 0.6%, 2.449E-17, 0.6%, 2.415E-17, 0.6%, 2.362E-17, 0.5%, 2.309E-17, 0.5%, 2.246E-17, 0.5%, 2.174E-17, 0.5%, 2.102E-17, 0.5%, 2.054E-17, 0.5%, 1.989E-17, 0.5%, 1.922E-17, 0.5%, 1.864E-17, 0.5%, 1.788E-17, 0.5%, 1.730E-17, 0.5%, 1.653E-17, 0.5%, 1.568E-17, 0.5%, 1.510E-17, 0.5%, 1.438E-17, 0.5%, 1.376E-17, 0.5%, 1.310E-17, 0.5%, 1.245E-17, 0.5%, 1.180E-17, 0.5%, 1.113E-17, 0.5%, 1.045E-17, 0.5%, 9.882E-18, 0.5%, 9.317E-18, 0.5%, 8.774E-18, 0.5%, 8.172E-18, 0.5%, 7.728E-18, 0.5%, 7.260E-18, 0.5%, 6.832E-18, 0.5%, 6.423E-18, 0.5%, 6.077E-18, 0.6%, 5.742E-18, 0.6%, 5.435E-18, 0.6%, 5.124E-18, 0.6%, 4.835E-18, 0.6%, 4.602E-18, 0.6%, 4.386E-18, 0.6%, 4.178E-18, 0.6%, 3.955E-18, 0.6%, 3.762E-18, 0.6%, 3.573E-18, 0.6%, 3.357E-18, 0.6%, 3.167E-18, 0.6%, 2.935E-18, 0.6%, 2.646E-18, 0.6%
11, K, 8.564E-17, 9.7%, 9.267E-17, 5.6%, 8.783E-17, 4.3%, 9.260E-17, 3.6%, 8.666E-17, 3.3%, 9.101E-17, 2.9%, 8.503E-17, 2.7%, 9.002E-17, 2.5%, 8.567E-17, 2.4%, 8.670E-17, 2.3%, 8.430E-17, 2.2%, 8.155E-17, 2.1%, 7.894E-17, 2.1%, 8.157E-17, 2.0%, 7.878E-17, 1.9%, 7.399E-17, 1.9%, 7.323E-17, 1.9%, 6.973E-17, 1.9%, 6.745E-17, 1.8%, 6.595E-17, 1.8%, 6.296E-17, 1.8%, 6.014E-17, 1.8%, 5.826E-17, 1.8%, 5.331E-17, 1.8%, 5.306E-17, 1.8%, 4.863E-17, 1.8%, 4.623E-17, 1.8%, 4.453E-17, 1.9%, 4.031E-17, 1.9%, 3.812E-17, 1.9%, 3.546E-17, 2.0%, 3.280E-17, 2.0%, 2.958E-17, 2.1%, 2.754E-17, 2.1%, 2.420E-17, 2.2%, 2.015E-17, 2.4%, 1.862E-17, 2.5%, 1.611E-17, 2.6%, 1.475E-17, 2.7%, 1.166E-17, 3.0%, 9.904E-18, 3.2%, 8.165E-18, 3.5%, 6.525E-18, 3.9%, 5.321E-18, 4.2%, 4.092E-18, 4.7%, 3.107E-18, 5.5%, 2.487E-18, 5.9%, 1.789E-18, 6.7%, 1.308E-18, 7.3%, 9.611E-19, 8.3%, 9.348E-19, 8.4%, 7.254E-19, 9.4%, 6.254E-19, 9.8%, 3.871E-19, 11.1%, 3.625E-19, 11.4%, 3.704E-19, 10.4%, 3.705E-19, 11.1%, 4.032E-19, 8.7%, 3.031E-19, 9.4%, 3.050E-19, 9.7%
11, DK, 3.515E-01, 10.0%, 3.219E-01, 5.8%, 3.405E-01, 4.5%, 3.196E-01, 3.8%, 3.437E-01, 3.4%, 3.236E-01, 3.0%, 3.424E-01, 2.8%, 3.252E-01, 2.6%, 3.371E-01, 2.5%, 3.308E-01, 2.4%, 3.350E-01, 2.3%, 3.407E-01, 2.2%, 3.452E-01, 2.1%, 3.283E-01, 2.0%, 3.329E-01, 2.0%, 3.497E-01, 2.0%, 3.456E-01, 2.0%, 3.547E-01, 1.9%, 3.567E-01, 1.9%, 3.533E-01, 1.9%, 3.576E-01, 1.9%, 3.658E-01, 1.9%, 3.656E-01, 1.9%, 3.863E-01, 1.9%, 3.762E-01, 1.9%, 3.939E-01, 1.9%, 4.009E-01, 1.9%, 3.976E-01, 1.9%, 4.167E-01, 2.0%, 4.244E-01, 2.0%, 4.343E-01, 2.0%, 4.495E-01, 2.1%, 4.743E-01, 2.1%, 4.840E-01, 2.2%, 5.225E-01, 2.3%, 5.913E-01, 2.4%, 6.009E-01, 2.5%, 6.567E-01, 2.7%, 6.764E-01, 2.8%, 8.053E-01, 3.0%, 8.831E-01, 3.3%, 1.014E+00, 3.5%, 1.191E+00, 3.9%, 1.374E+00, 4.2%, 1.680E+00, 4.8%, 2.094E+00, 5.5%, 2.471E+00, 5.9%, 3.252E+00, 6.7%, 4.190E+00, 7.4%, 5.385E+00, 8.3%, 5.268E+00, 8.4%, 6.471E+00, 9.5%, 7.148E+00, 9.9%, 1.093E+01, 11.1%, 1.110E+01, 11.4%, 1.032E+01, 10.4%, 9.692E+00, 11.1%, 8.401E+00, 8.8%, 1.035E+01, 9.4%, 9.262E+00, 9.7%
12, T, 3.399E-17, 11.2%, 3.237E-17, 7.6%, 3.011E-17, 5.6%, 2.968E-17, 5.1%, 2.898E-17, 4.2%, 2.974E-17, 4.0%, 2.884E-17, 3.6%, 2.883E-17, 3.4%, 2.883E-17, 3.1%, 2.757E-17, 3.0%, 2.838E-17, 2.9%, 2.779E-17, 2.8%, 2.615E-17, 2.6%, 2.559E-17, 2.5%, 2.453E-17, 2.6%, 2.541E-17, 2.5%, 2.379E-17, 2.4%, 2.344E-17, 2.4%, 2.306E-17, 2.4%, 2.317E-17, 2.4%, 2.165E-17, 2.3%, 2.155E-17, 2.3%, 2.137E-17, 2.2%, 1.955E-17, 2.3%, 1.935E-17, 2.2%, 1.858E-17, 2.2%, 1.718E-17, 2.2%, 1.727E-17, 2.2%, 1.699E-17, 2.2%, 1.593E-17, 2.2%, 1.542E-17, 2.2%, 1.473E-17, 2.2%, 1.388E-17, 2.3%, 1.296E-17, 2.3%, 1.218E-17, 2.3%, 1.194E-17, 2.3%, 1.094E-17, 2.3%, 1.041E-17, 2.3%, 1.001E-17, 2.4%, 9.265E-18, 2.4%, 8.900E-18, 2.4%, 8.206E-18, 2.5%, 7.670E-18, 2.6%, 7.008E-18, 2.5%, 6.690E-18, 2.6%, 6.463E-18, 2.7%, 6.190E-18, 2.6%, 5.844E-18, 2.7%, 5.461E-18, 2.7%, 5.234E-18, 2.8%, 4.976E-18, 2.7%, 4.657E-18, 2.9%, 4.301E-18, 2.8%, 4.234E-18, 2.9%, 3.898E-18, 2.9%, 3.464E-18, 2.9%, 3.534E-18, 3.2%, 3.323E-18, 3.0%, 3.212E-18, 3.2%, 2.792E-18, 2.9%
12, TS, 3.219E-17, 11.0%, 3.008E-17, 7.5%, 2.822E-17, 5.5%, 2.760E-17, 5.0%, 2.707E-17, 4.1%, 2.780E-17, 4.0%, 2.690E-17, 3.6%, 2.694E-17, 3.4%, 2.695E-17, 3.1%, 2.578E-17, 3.0%, 2.651E-17, 2.8%, 2.594E-17, 2.7%, 2.438E-17, 2.6%, 2.387E-17, 2.5%, 2.294E-17, 2.5%, 2.376E-17, 2.4%, 2.226E-17, 2.4%, 2.189E-17, 2.4%, 2.152E-17, 2.4%, 2.161E-17, 2.3%, 2.021E-17, 2.2%, 2.010E-17, 2.2%, 1.991E-17, 2.2%, 1.823E-17, 2.2%, 1.809E-17, 2.1%, 1.735E-17, 2.2%, 1.603E-17, 2.2%, 1.611E-17, 2.2%, 1.588E-17, 2.2%, 1.488E-17, 2.2%, 1.440E-17, 2.2%, 1.374E-17, 2.2%, 1.297E-17, 2.2%, 1.211E-17, 2.3%, 1.138E-17, 2.3%, 1.116E-17, 2.3%, 1.024E-17, 2.3%, 9.736E-18, 2.3%, 9.345E-18, 2.4%, 8.640E-18, 2.4%, 8.298E-18, 2.4%, 7.659E-18, 2.4%, 7.167E-18, 2.6%, 6.564E-18, 2.5%, 6.266E-18, 2.5%, 6.059E-18, 2.6%, 5.791E-18, 2.6%, 5.461E-18, 2.6%, 5.100E-18, 2.7%, 4.893E-18, 2.8%, 4.651E-18, 2.7%, 4.341E-18, 2.8%, 4.016E-18, 2.8%, 3.957E-18, 2.9%, 3.642E-18, 2.9%, 3.252E-18, 2.8%, 3.301E-18, 3.2%, 3.109E-18, 2.9%, 3.011E-18, 3.1%, 2.614E-18, 2.9%
12, K, 1.195E-16, 40.4%, 1.152E-16, 31.9%, 1.175E-16, 25.8%, 5.921E-17, 22.9%, 8.965E-17, 21.0%, 9.857E-17, 17.7%, 1.133E-16, 15.0%, 9.573E-17, 16.3%, 5.902E-17, 16.9%, 7.935E-17, 14.1%, 9.205E-17, 13.6%, 7.715E-17, 13.4%, 9.770E-17, 12.0%, 7.300E-17, 12.9%, 7.543E-17, 12.0%, 8.398E-17, 11.6%, 7.805E-17, 10.9%, 6.866E-17, 11.8%, 7.543E-17, 10.4%, 6.850E-17, 11.3%, 7.153E-17, 10.4%, 7.193E-17, 10.5%, 6.060E-17, 10.8%, 5.271E-17, 11.4%, 5.643E-17, 11.2%, 4.195E-17, 12.2%, 4.646E-17, 11.8%, 3.921E-17, 11.6%, 3.657E-17, 12.3%, 4.103E-17, 11.6%, 3.506E-17, 11.9%, 3.587E-17, 12.0%, 3.558E-17, 11.9%, 2.344E-17, 13.6%, 2.112E-17, 14.1%, 2.083E-17, 14.1%, 1.622E-17, 14.6%, 1.358E-17, 17.0%, 1.959E-17, 14.4%, 1.318E-17, 17.7%, 1.248E-17, 20.5%, 6.274E-18, 25.0%, 6.763E-18, 23.0%, 4.146E-18, 25.6%, 4.112E-18, 27.6%, 2.890E-18, 28.5%, 1.509E-18, 35.7%, 3.142E-18, 36.5%, 8.584E-19, 35.9%, 1.705E-18, 34.0%, 5.720E-19, 70.9%, 8.878E-19, 54.8%, 1.288E-19, 89.7%, 8.128E-19, 59.0%, 3.896E-19, 43.4%, 2.861E-20, 95.0%, 1.903E-19, 71.0%, 7.488E-19, 60.6%, 4.024E-20, 73.8%, 4.306E-19, 54.9%
12, DK, 2.845E-01, 41.9%, 2.810E-01, 32.8%, 2.563E-01, 26.4%, 5.013E-01, 23.5%, 3.233E-01, 21.4%, 3.017E-01, 18.1%, 2.545E-01, 15.4%, 3.012E-01, 16.6%, 4.884E-01, 17.2%, 3.474E-01, 14.4%, 3.083E-01, 13.9%, 3.603E-01, 13.7%, 2.677E-01, 12.3%, 3.505E-01, 13.1%, 3.252E-01, 12.3%, 3.026E-01, 11.9%, 3.048E-01, 11.2%, 3.414E-01, 12.0%, 3.057E-01, 10.6%, 3.382E-01, 11.6%, 3.027E-01, 10.7%, 2.995E-01, 10.7%, 3.526E-01, 11.0%, 3.709E-01, 11.7%, 3.429E-01, 11.4%, 4.429E-01, 12.4%, 3.697E-01, 12.0%, 4.405E-01, 11.8%, 4.645E-01, 12.5%, 3.881E-01, 11.8%, 4.397E-01, 12.1%, 4.106E-01, 12.2%, 3.901E-01, 12.1%, 5.530E-01, 13.8%, 5.768E-01, 14.3%, 5.733E-01, 14.3%, 6.748E-01, 14.8%, 7.671E-01, 17.2%, 5.106E-01, 14.6%, 7.031E-01, 17.9%, 7.129E-01, 20.6%, 1.308E+00, 25.1%, 1.134E+00, 23.1%, 1.690E+00, 25.7%, 1.627E+00, 27.7%, 2.236E+00, 28.6%, 4.102E+00, 35.8%, 1.860E+00, 36.6%, 6.362E+00, 36.0%, 3.070E+00, 34.1%, 8.698E+00, 70.9%, 5.245E+00, 54.8%, 3.339E+01, 89.8%, 5.209E+00, 59.0%, 1.001E+01, 43.5%, 1.211E+02, 95.1%, 1.857E+01, 71.1%, 4.438E+00, 60.6%, 7.982E+01, 73.9%, 6.484E+00, 55.0%
13, T, 2.879E-17, 3.2%, 2.982E-17, 2.2%, 2.956E-17, 1.7%, 2.879E-17, 1.5%, 2.879E-17, 1.3%, 2.874E-17, 1.2%, 2.877E-17, 1.1%, 2.837E-17, 1.0%, 2.801E-17, 1.0%, 2.756E-17, 0.9%, 2.715E-17, 0.9%, 2.694E-17, 0.9%, 2.643E-17, 0.8%, 2.600E-17, 0.8%, 2.568E-17, 0.8%, 2.510E-17, 0.8%, 2.474E-17, 0.8%, 2.405E-17, 0.7%, 2.336E-17, 0.7%, 2.288E-17, 0.7%, 2.209E-17, 0.7%, 2.121E-17, 0.7%, 2.068E-17, 0.7%, 1.999E-17, 0.7%, 1.931E-17, 0.7%, 1.878E-17, 0.7%, 1.784E-17, 0.7%, 1.732E-17, 0.7%, 1.668E-17, 0.7%, 1.587E-17, 0.7%, 1.525E-17, 0.7%, 1.457E-17, 0.7%, 1.392E-17, 0.7%, 1.316E-17, 0.7%, 1.239E-17, 0.7%, 1.176E-17, 0.7%, 1.104E-17, 0.7%, 1.048E-17, 0.7%, 9.847E-18, 0.7%, 9.352E-18, 0.7%, 8.736E-18, 0.7%, 8.273E-18, 0.7%, 7.657E-18, 0.7%, 7.279E-18, 0.8%, 6.845E-18, 0.8%, 6.404E-18, 0.8%, 6.011E-18, 0.8%, 5.748E-18, 0.8%, 5.425E-18, 0.8%, 5.131E-18, 0.8%, 4.899E-18, 0.8%, 4.603E-18, 0.8%, 4.355E-18, 0.8%, 4.141E-18, 0.8%, 3.916E-18, 0.9%, 3.693E-18, 0.9%, 3.467E-18, 0.9%, 3.303E-18, 0.9%, 3.012E-18, 0.9%, 2.728E-18, 0.8%
13, TS, 2.683E-17, 3.2%, 2.785E-17, 2.1%, 2.758E-17, 1.7%, 2.689E-17, 1.5%, 2.688E-17, 1.3%, 2.683E-17, 1.2%, 2.685E-17, 1.1%, 2.648E-17, 1.0%, 2.615E-17, 1.0%, 2.573E-17, 0.9%, 2.534E-17, 0.9%, 2.515E-17, 0.9%, 2.466E-17, 0.8%, 2.427E-17, 0.8%, 2.398E-17, 0.8%, 2.344E-17, 0.8%, 2.310E-17, 0.8%, 2.245E-17, 0.7%, 2.181E-17, 0.7%, 2.135E-17, 0.7%, 2.062E-17, 0.7%, 1.980E-17, 0.7%, 1.931E-17, 0.7%, 1.866E-17, 0.7%, 1.803E-17, 0.7%, 1.753E-17, 0.7%, 1.666E-17, 0.7%, 1.617E-17, 0.7%, 1.557E-17, 0.7%, 1.482E-17, 0.7%, 1.424E-17, 0.7%, 1.360E-17, 0.7%, 1.299E-17, 0.7%, 1.229E-17, 0.7%, 1.157E-17, 0.7%, 1.098E-17, 0.7%, 1.031E-17, 0.7%, 9.790E-18, 0.7%, 9.195E-18, 0.7%, 8.736E-18, 0.7%, 8.158E-18, 0.7%, 7.724E-18, 0.7%, 7.153E-18, 0.7%, 6.795E-18, 0.8%, 6.395E-18, 0.8%, 5.983E-18, 0.8%, 5.618E-18, 0.8%, 5.371E-18, 0.8%, 5.071E-18, 0.8%, 4.796E-18, 0.8%, 4.576E-18, 0.8%, 4.303E-18, 0.8%, 4.072E-18, 0.8%, 3.869E-18, 0.8%, 3.659E-18, 0.8%, 3.453E-18, 0.9%, 3.242E-18, 0.8%, 3.085E-18, 0.9%, 2.816E-18, 0.8%, 2.552E-18, 0.8%
13, K, 5.362E-17, 14.9%, 8.904E-17, 8.2%, 8.957E-17, 6.1%, 8.914E-17, 5.2%, 8.728E-17, 4.8%, 8.535E-17, 4.3%, 8.610E-17, 3.9%, 8.460E-17, 3.7%, 8.078E-17, 3.5%, 8.403E-17, 3.3%, 8.178E-17, 3.2%, 7.801E-17, 3.1%, 7.656E-17, 3.0%, 7.645E-17, 2.9%, 7.485E-17, 2.8%, 7.510E-17, 2.8%, 6.955E-17, 2.7%, 6.895E-17, 2.7%, 6.504E-17, 2.6%, 6.679E-17, 2.6%, 6.185E-17, 2.6%, 5.845E-17, 2.6%, 5.589E-17, 2.6%, 5.477E-17, 2.6%, 5.071E-17, 2.6%, 4.883E-17, 2.6%, 4.717E-17, 2.6%, 4.380E-17, 2.7%, 4.074E-17, 2.7%, 3.908E-17, 2.8%, 3.475E-17, 2.8%, 3.134E-17, 2.9%, 2.851E-17, 3.0%, 2.644E-17, 3.1%, 2.409E-17, 3.2%, 2.167E-17, 3.4%, 1.900E-17, 3.5%, 1.757E-17, 3.6%, 1.519E-17, 3.8%, 1.206E-17, 4.3%, 1.022E-17, 4.5%, 9.184E-18, 4.7%, 7.824E-18, 4.9%, 5.798E-18, 5.9%, 5.069E-18, 6.2%, 3.698E-18, 7.0%, 2.692E-18, 8.2%, 2.549E-18, 8.4%, 1.735E-18, 9.6%, 1.235E-18, 11.3%, 9.095E-19, 12.0%, 7.291E-19, 13.3%, 7.188E-19, 13.2%, 3.853E-19, 15.8%, 4.714E-19, 15.3%, 3.864E-19, 16.6%, 3.339E-19, 15.7%, 3.398E-19, 14.7%, 3.171E-19, 15.2%, 2.884E-19, 14.2%
13, DK, 5.369E-01, 15.2%, 3.349E-01, 8.5%, 3.300E-01, 6.3%, 3.230E-01, 5.4%, 3.299E-01, 5.0%, 3.367E-01, 4.5%, 3.341E-01, 4.0%, 3.353E-01, 3.8%, 3.467E-01, 3.6%, 3.280E-01, 3.4%, 3.320E-01, 3.3%, 3.453E-01, 3.2%, 3.452E-01, 3.1%, 3.401E-01, 3.0%, 3.431E-01, 2.9%, 3.343E-01, 2.9%, 3.557E-01, 2.8%, 3.488E-01, 2.8%, 3.592E-01, 2.7%, 3.426E-01, 2.7%, 3.571E-01, 2.7%, 3.628E-01, 2.7%, 3.700E-01, 2.7%, 3.650E-01, 2.7%, 3.808E-01, 2.7%, 3.846E-01, 2.7%, 3.782E-01, 2.7%, 3.954E-01, 2.8%, 4.095E-01, 2.8%, 4.061E-01, 2.8%, 4.390E-01, 2.9%, 4.649E-01, 3.0%, 4.882E-01, 3.1%, 4.978E-01, 3.2%, 5.141E-01, 3.2%, 5.430E-01, 3.5%, 5.811E-01, 3.6%, 5.965E-01, 3.7%, 6.482E-01, 3.9%, 7.755E-01, 4.3%, 8.545E-01, 4.6%, 9.008E-01, 4.8%, 9.787E-01, 5.0%, 1.256E+00, 5.9%, 1.350E+00, 6.3%, 1.732E+00, 7.1%, 2.233E+00, 8.3%, 2.256E+00, 8.4%, 3.127E+00, 9.6%, 4.156E+00, 11.3%, 5.386E+00, 12.0%, 6.312E+00, 13.3%, 6.059E+00, 13.3%, 1.075E+01, 15.8%, 8.307E+00, 15.3%, 9.558E+00, 16.6%, 1.038E+01, 15.7%, 9.720E+00, 14.7%, 9.498E+00, 15.2%, 9.460E+00, 14.2%
14, T, 2.680E-17, 12.0%, 2.670E-17, 8.1%, 2.633E-17, 6.2%, 2.667E-17, 5.3%, 2.538E-17, 4.4%, 2.651E-17, 3.9%, 2.731E-17, 3.7%, 2.774E-17, 3.5%, 2.745E-17, 3.2%, 2.708E-17, 3.2%, 2.574E-17, 2.9%, 2.550E-17, 2.8%, 2.568E-17, 2.8%, 2.603E-17, 2.6%, 2.627E-17, 2.6%, 2.459E-17, 2.5%, 2.317E-17, 2.5%, 2.406E-17, 2.4%, 2.312E-17, 2.3%, 2.241E-17, 2.3%, 2.217E-17, 2.3%, 2.122E-17, 2.3%, 2.040E-17, 2.3%, 2.036E-17, 2.3%, 1.909E-17, 2.2%, 1.844E-17, 2.2%, 1.797E-17, 2.2%, 1.735E-17, 2.3%, 1.648E-17, 2.2%, 1.586E-17, 2.2%, 1.503E-17, 2.3%, 1.396E-17, 2.2%, 1.362E-17, 2.3%, 1.319E-17, 2.3%, 1.194E-17, 2.3%, 1.136E-17, 2.3%, 1.054E-17, 2.4%, 1.036E-17, 2.3%, 9.700E-18, 2.4%, 8.857E-18, 2.4%, 8.858E-18, 2.5%, 8.405E-18, 2.6%, 7.676E-18, 2.5%, 7.055E-18, 2.6%, 6.670E-18, 2.6%, 6.406E-18, 2.7%, 6.079E-18, 2.8%, 5.963E-18, 2.7%, 5.633E-18, 2.8%, 5.101E-18, 2.7%, 4.785E-18, 2.7%, 4.599E-18, 3.0%, 4.427E-18, 2.8%, 4.193E-18, 3.1%, 3.822E-18, 2.9%, 3.561E-18, 2.9%, 3.396E-18, 3.1%, 3.276E-18, 3.1%, 2.997E-18, 3.1%, 2.638E-18, 3.0%
14, TS, 2.480E-17, 11.8%, 2.495E-17, 8.0%, 2.458E-17, 6.1%, 2.486E-17, 5.2%, 2.367E-17, 4.3%, 2.470E-17, 3.9%, 2.558E-17, 3.6%, 2.582E-17, 3.5%, 2.562E-17, 3.2%, 2.528E-17, 3.1%, 2.405E-17, 2.9%, 2.384E-17, 2.8%, 2.399E-17, 2.7%, 2.433E-17, 2.6%, 2.451E-17, 2.6%, 2.297E-17, 2.5%, 2.164E-17, 2.5%, 2.249E-17, 2.4%, 2.158E-17, 2.3%, 2.089E-17, 2.3%, 2.069E-17, 2.2%, 1.983E-17, 2.3%, 1.905E-17, 2.2%, 1.904E-17, 2.2%, 1.784E-17, 2.2%, 1.724E-17, 2.2%, 1.678E-17, 2.2%, 1.619E-17, 2.2%, 1.535E-17, 2.2%, 1.480E-17, 2.2%, 1.401E-17, 2.2%, 1.303E-17, 2.2%, 1.273E-17, 2.3%, 1.233E-17, 2.3%, 1.114E-17, 2.2%, 1.061E-17, 2.3%, 9.826E-18, 2.3%, 9.701E-18, 2.3%, 9.067E-18, 2.4%, 8.276E-18, 2.4%, 8.270E-18, 2.5%, 7.840E-18, 2.6%, 7.196E-18, 2.4%, 6.596E-18, 2.6%, 6.227E-18, 2.6%, 5.985E-18, 2.6%, 5.684E-18, 2.7%, 5.567E-18, 2.7%, 5.262E-18, 2.8%, 4.776E-18, 2.6%, 4.467E-18, 2.7%, 4.305E-18, 2.9%, 4.125E-18, 2.8%, 3.912E-18, 3.0%, 3.564E-18, 2.8%, 3.328E-18, 2.9%, 3.165E-18, 3.0%, 3.061E-18, 3.1%, 2.797E-18, 3.1%, 2.465E-18, 2.9%
14, K, 9.530E-17, 50.0%, 1.243E-16, 30.5%, 8.612E-17, 28.8%, 5.745E-17, 27.9%, 7.613E-17, 22.7%, 7.764E-17, 20.7%, 6.612E-17, 18.5%, 8.360E-17, 16.3%, 1.005E-16, 13.8%, 8.828E-17, 14.6%, 7.419E-17, 13.9%, 9.656E-17, 12.3%, 7.589E-17, 12.7%, 6.805E-17, 12.7%, 6.538E-17, 13.1%, 8.154E-17, 11.6%, 6.530E-17, 12.0%, 6.240E-17, 11.8%, 6.677E-17, 11.3%, 5.493E-17, 12.7%, 6.716E-17, 10.7%, 5.852E-17, 11.0%, 5.641E-17, 10.8%, 4.773E-17, 12.4%, 4.634E-17, 11.7%, 4.640E-17, 11.6%, 5.003E-17, 11.4%, 4.785E-17, 11.8%, 4.492E-17, 11.9%, 3.157E-17, 12.4%, 3.908E-17, 11.4%, 3.003E-17, 12.8%, 3.282E-17, 12.5%, 2.271E-17, 14.2%, 2.643E-17, 13.5%, 2.465E-17, 14.6%, 2.039E-17, 15.1%, 1.763E-17, 17.4%, 1.695E-17, 15.5%, 9.048E-18, 19.7%, 1.311E-17, 17.7%, 8.163E-18, 19.9%, 6.960E-18, 24.9%, 3.676E-18, 27.8%, 5.629E-18, 28.1%, 3.693E-18, 32.3%, 2.924E-18, 32.5%, 6.993E-19, 55.1%, 1.859E-18, 46.2%, 1.931E-18, 47.7%, 2.310E-19, 81.0%, 7.216E-19, 53.1%, 3.791E-19, 55.9%, 3.402E-19, 44.9%, 2.598E-19, 92.5%, 8.927E-19, 51.7%, 1.332E-19, 86.2%, 1.930E-19, 64.1%, 2.296E-19, 76.4%, 1.309E-19, 97.9%
14, DK, 2.813E-01, 51.5%, 2.148E-01, 31.6%, 3.058E-01, 29.5%, 4.641E-01, 28.4%, 3.334E-01, 23.1%, 3.414E-01, 21.1%, 4.130E-01, 18.8%, 3.318E-01, 16.7%, 2.730E-01, 14.2%, 3.068E-01, 15.0%, 3.469E-01, 14.2%, 2.640E-01, 12.6%, 3.383E-01, 13.0%, 3.826E-01, 13.0%, 4.018E-01, 13.4%, 3.016E-01, 11.9%, 3.548E-01, 12.2%, 3.856E-01, 12.1%, 3.462E-01, 11.5%, 4.079E-01, 12.9%, 3.300E-01, 11.0%, 3.626E-01, 11.2%, 3.616E-01, 11.0%, 4.266E-01, 12.6%, 4.119E-01, 11.9%, 3.975E-01, 11.8%, 3.591E-01, 11.7%, 3.626E-01, 12.0%, 3.668E-01, 12.1%, 5.025E-01, 12.6%, 3.845E-01, 11.6%, 4.646E-01, 13.0%, 4.151E-01, 12.7%, 5.810E-01, 14.4%, 4.519E-01, 13.7%, 4.610E-01, 14.8%, 5.168E-01, 15.3%, 5.875E-01, 17.5%, 5.724E-01, 15.7%, 9.790E-01, 19.9%, 6.755E-01, 17.9%, 1.030E+00, 20.1%, 1.103E+00, 25.0%, 1.919E+00, 27.9%, 1.185E+00, 28.2%, 1.735E+00, 32.4%, 2.079E+00, 32.6%, 8.526E+00, 55.2%, 3.030E+00, 46.3%, 2.641E+00, 47.7%, 2.071E+01, 81.0%, 6.374E+00, 53.2%, 1.168E+01, 55.9%, 1.232E+01, 45.0%, 1.471E+01, 92.5%, 3.989E+00, 51.8%, 2.549E+01, 86.2%, 1.697E+01, 64.2%, 1.305E+01, 76.5%, 2.015E+01, 97.9%
15, T, 2.779E-17, 2.4%, 2.761E-17, 1.6%, 2.765E-17, 1.3%, 2.780E-17, 1.1%, 2.762E-17, 1.0%, 2.709E-17, 0.9%, 2.706E-17, 0.8%, 2.710E-17, 0.8%, 2.690E-17, 0.7%, 2.638E-17, 0.7%, 2.585E-17, 0.7%, 2.546E-17, 0.6%, 2.518E-17, 0.6%, 2.467E-17, 0.6%, 2.447E-17, 0.6%, 2.400E-17, 0.6%, 2.347E-17, 0.6%, 2.292E-17, 0.5%, 2.238E-17, 0.5%, 2.172E-17, 0.5%, 2.117E-17, 0.5%, 2.065E-17, 0.5%, 1.995E-17, 0.5%, 1.933E-17, 0.5%, 1.870E-17, 0.5%, 1.815E-17, 0.5%, 1.754E-17, 0.5%, 1.683E-17, 0.5%, 1.622E-17, 0.5%, 1.550E-17, 0.5%, 1.485E-17, 0.5%, 1.416E-17, 0.5%, 1.357E-17, 0.5%, 1.283E-17, 0.5%, 1.228E-17, 0.5%, 1.166E-17, 0.5%, 1.102E-17, 0.5%, 1.050E-17, 0.5%, 9.868E-18, 0.5%, 9.354E-18, 0.5%, 8.738E-18, 0.5%, 8.283E-18, 0.5%, 7.787E-18, 0.5%, 7.298E-18, 0.5%, 6.882E-18, 0.5%, 6.514E-18, 0.6%, 6.122E-18, 0.6%, 5.766E-18, 0.6%, 5.413E-18, 0.6%, 5.169E-18, 0.6%, 4.896E-18, 0.6%, 4.612E-18, 0.6%, 4.391E-18, 0.6%, 4.152E-18, 0.6%, 3.911E-18, 0.6%, 3.659E-18, 0.6%, 3.463E-18, 0.6%, 3.261E-18, 0.6%, 3.048E-18, 0.6%, 2.735E-18, 0.6%
15, TS, 2.597E-17, 2.3%, 2.578E-17, 1.6%, 2.580E-17, 1.3%, 2.596E-17, 1.1%, 2.578E-17, 1.0%, 2.529E-17, 0.9%, 2.526E-17, 0.8%, 2.529E-17, 0.8%, 2.510E-17, 0.7%, 2.462E-17, 0.7%, 2.413E-17, 0.7%, 2.378E-17, 0.6%, 2.351E-17, 0.6%, 2.303E-17, 0.6%, 2.284E-17, 0.6%, 2.240E-17, 0.6%, 2.191E-17, 0.6%, 2.140E-17, 0.5%, 2.089E-17, 0.5%, 2.027E-17, 0.5%, 1.976E-17, 0.5%, 1.928E-17, 0.5%, 1.863E-17, 0.5%, 1.804E-17, 0.5%, 1.746E-17, 0.5%, 1.695E-17, 0.5%, 1.637E-17, 0.5%, 1.571E-17, 0.5%, 1.514E-17, 0.5%, 1.448E-17, 0.5%, 1.387E-17, 0.5%, 1.322E-17, 0.5%, 1.267E-17, 0.5%, 1.198E-17, 0.5%, 1.147E-17, 0.5%, 1.088E-17, 0.5%, 1.029E-17, 0.5%, 9.805E-18, 0.5%, 9.213E-18, 0.5%, 8.734E-18, 0.5%, 8.162E-18, 0.5%, 7.738E-18, 0.5%, 7.272E-18, 0.5%, 6.819E-18, 0.5%, 6.431E-18, 0.5%, 6.085E-18, 0.6%, 5.721E-18, 0.6%, 5.388E-18, 0.6%, 5.058E-18, 0.6%, 4.829E-18, 0.6%, 4.574E-18, 0.6%, 4.310E-18, 0.6%, 4.104E-18, 0.6%, 3.881E-18, 0.6%, 3.656E-18, 0.6%, 3.419E-18, 0.6%, 3.237E-18, 0.6%, 3.048E-18, 0.6%, 2.851E-18, 0.6%, 2.560E-18, 0.6%
15, K, 7.816E-17, 10.1%, 8.560E-17, 5.6%, 8.552E-17, 4.5%, 7.876E-17, 3.9%, 7.899E-17, 3.3%, 7.815E-17, 3.1%, 7.941E-17, 2.8%, 7.974E-17, 2.6%, 7.473E-17, 2.5%, 7.549E-17, 2.4%, 7.611E-17, 2.3%, 7.556E-17, 2.2%, 7.400E-17, 2.1%, 7.103E-17, 2.0%, 7.123E-17, 2.0%, 6.795E-17, 2.0%, 6.782E-17, 1.9%, 6.484E-17, 1.9%, 6.207E-17, 1.9%, 6.152E-17, 1.8%, 5.903E-17, 1.8%, 5.661E-17, 1.8%, 5.381E-17, 1.8%, 5.183E-17, 1.8%, 5.119E-17, 1.8%, 4.685E-17, 1.9%, 4.578E-17, 1.8%, 4.347E-17, 1.9%, 3.917E-17, 1.9%, 3.666E-17, 1.9%, 3.456E-17, 2.0%, 3.201E-17, 2.0%, 3.009E-17, 2.0%, 2.764E-17, 2.1%, 2.443E-17, 2.2%, 2.165E-17, 2.3%, 1.941E-17, 2.4%, 1.731E-17, 2.5%, 1.514E-17, 2.6%, 1.240E-17, 2.9%, 1.127E-17, 3.0%, 9.594E-18, 3.2%, 8.168E-18, 3.4%, 6.474E-18, 3.8%, 5.368E-18, 4.2%, 4.213E-18, 4.6%, 3.285E-18, 5.1%, 2.498E-18, 5.8%, 2.028E-18, 6.4%, 1.488E-18, 7.3%, 1.255E-18, 7.8%, 7.954E-19, 9.1%, 7.313E-19, 9.1%, 5.933E-19, 10.1%, 4.734E-19, 10.6%, 3.509E-19, 11.4%, 3.419E-19, 11.0%, 2.968E-19, 11.0%, 2.548E-19, 10.9%, 2.931E-19, 10.2%
15, DK, 3.555E-01, 10.4%, 3.226E-01, 5.8%, 3.233E-01, 4.6%, 3.530E-01, 4.0%, 3.497E-01, 3.5%, 3.466E-01, 3.2%, 3.408E-01, 2.9%, 3.398E-01, 2.7%, 3.600E-01, 2.6%, 3.494E-01, 2.5%, 3.396E-01, 2.4%, 3.370E-01, 2.3%, 3.403E-01, 2.2%, 3.474E-01, 2.1%, 3.436E-01, 2.1%, 3.531E-01, 2.0%, 3.460E-01, 2.0%, 3.536E-01, 2.0%, 3.606E-01, 2.0%, 3.530E-01, 1.9%, 3.587E-01, 1.9%, 3.648E-01, 1.9%, 3.707E-01, 1.9%, 3.730E-01, 1.9%, 3.653E-01, 1.9%, 3.874E-01, 1.9%, 3.831E-01, 1.9%, 3.871E-01, 1.9%, 4.141E-01, 2.0%, 4.229E-01, 2.0%, 4.297E-01, 2.0%, 4.424E-01, 2.1%, 4.508E-01, 2.1%, 4.644E-01, 2.2%, 5.026E-01, 2.3%, 5.384E-01, 2.4%, 5.680E-01, 2.5%, 6.066E-01, 2.6%, 6.519E-01, 2.7%, 7.541E-01, 2.9%, 7.751E-01, 3.0%, 8.634E-01, 3.2%, 9.534E-01, 3.5%, 1.127E+00, 3.9%, 1.282E+00, 4.2%, 1.546E+00, 4.6%, 1.864E+00, 5.1%, 2.309E+00, 5.9%, 2.669E+00, 6.5%, 3.473E+00, 7.3%, 3.900E+00, 7.9%, 5.798E+00, 9.1%, 6.004E+00, 9.1%, 6.999E+00, 10.1%, 8.262E+00, 10.6%, 1.043E+01, 11.4%, 1.013E+01, 11.0%, 1.098E+01, 11.1%, 1.196E+01, 10.9%, 9.332E+00, 10.2%
17, T, 5.201E-17, 2.0%, 5.206E-17, 1.3%, 5.244E-17, 1.1%, 5.244E-17, 0.9%, 5.214E-17, 0.8%, 5.118E-17, 0.7%, 5.019E-17, 0.7%, 5.019E-17, 0.6%, 4.982E-17, 0.6%, 4.946E-17, 0.6%, 4.877E-17, 0.6%, 4.837E-17, 0.5%, 4.744E-17, 0.5%, 4.662E-17, 0.5%, 4.589E-17, 0.5%, 4.479E-17, 0.5%, 4.392E-17, 0.5%, 4.247E-17, 0.5%, 4.149E-17, 0.4%, 4.025E-17, 0.4%, 3.923E-17, 0.4%, 3.782E-17, 0.4%, 3.643E-17, 0.4%, 3.494E-17, 0.4%, 3.344E-17, 0.4%, 3.227E-17, 0.4%, 3.081E-17, 0.4%, 2.963E-17, 0.4%, 2.833E-17, 0.4%, 2.688E-17, 0.4%, 2.535E-17, 0.4%, 2.409E-17, 0.4%, 2.247E-17, 0.4%, 2.110E-17, 0.5%, 1.987E-17, 0.5%, 1.864E-17, 0.5%, 1.737E-17, 0.5%, 1.613E-17, 0.5%, 1.486E-17, 0.5%, 1.357E-17, 0.5%, 1.254E-17, 0.5%, 1.138E-17, 0.5%, 1.043E-17, 0.5%, 9.523E-18, 0.6%, 8.786E-18, 0.6%, 7.914E-18, 0.6%, 7.213E-18, 0.6%, 6.595E-18, 0.6%, 5.961E-18, 0.6%, 5.444E-18, 0.7%, 4.938E-18, 0.7%, 4.527E-18, 0.7%, 4.147E-18, 0.7%, 3.815E-18, 0.7%, 3.510E-18, 0.7%, 3.194E-18, 0.8%, 2.969E-18, 0.8%, 2.726E-18, 0.8%, 2.425E-18, 0.8%, 2.078E-18, 0.8%
17, TS, 4.852E-17, 2.0%, 4.857E-17, 1.3%, 4.891E-17, 1.1%, 4.892E-17, 0.9%, 4.863E-17, 0.8%, 4.774E-17, 0.7%, 4.682E-17, 0.7%, 4.682E-17, 0.6%, 4.647E-17, 0.6%, 4.614E-17, 0.6%, 4.549E-17, 0.6%, 4.513E-17, 0.5%, 4.425E-17, 0.5%, 4.349E-17, 0.5%, 4.281E-17, 0.5%, 4.179E-17, 0.5%, 4.097E-17, 0.5%, 3.962E-17, 0.5%, 3.870E-17, 0.4%, 3.755E-17, 0.4%, 3.659E-17, 0.4%, 3.529E-17, 0.4%, 3.398E-17, 0.4%, 3.260E-17, 0.4%, 3.120E-17, 0.4%, 3.011E-17, 0.4%, 2.875E-17, 0.4%, 2.764E-17, 0.4%, 2.643E-17, 0.4%, 2.507E-17, 0.4%, 2.365E-17, 0.4%, 2.247E-17, 0.4%, 2.096E-17, 0.4%, 1.969E-17, 0.5%, 1.854E-17, 0.5%, 1.739E-17, 0.5%, 1.621E-17, 0.5%, 1.505E-17, 0.5%, 1.386E-17, 0.5%, 1.267E-17, 0.5%, 1.170E-17, 0.5%, 1.062E-17, 0.5%, 9.728E-18, 0.5%, 8.885E-18, 0.6%, 8.201E-18, 0.6%, 7.385E-18, 0.6%, 6.731E-18, 0.6%, 6.155E-18, 0.6%, 5.565E-18, 0.6%, 5.081E-18, 0.7%, 4.609E-18, 0.7%, 4.227E-18, 0.7%, 3.872E-18, 0.7%, 3.561E-18, 0.7%, 3.276E-18, 0.7%, 2.982E-18, 0.8%, 2.772E-18, 0.8%, 2.544E-18, 0.8%, 2.264E-18, 0.8%, 1.941E-18, 0.8%
17, K, 7.979E-17, 6.7%, 7.898E-17, 3.9%, 7.787E-17, 3.1%, 7.722E-17, 2.6%, 7.888E-17, 2.3%, 7.564E-17, 2.1%, 7.367E-17, 1.9%, 7.305E-17, 1.8%, 7.527E-17, 1.7%, 7.506E-17, 1.6%, 7.277E-17, 1.5%, 7.267E-17, 1.5%, 7.072E-17, 1.4%, 6.957E-17, 1.4%, 6.910E-17, 1.3%, 6.734E-17, 1.3%, 6.300E-17, 1.3%, 6.321E-17, 1.3%, 6.115E-17, 1.3%, 5.906E-17, 1.3%, 5.765E-17, 1.2%, 5.258E-17, 1.3%, 5.236E-17, 1.2%, 4.976E-17, 1.2%, 4.755E-17, 1.2%, 4.487E-17, 1.3%, 4.253E-17, 1.3%, 4.106E-17, 1.3%, 3.875E-17, 1.3%, 3.598E-17, 1.3%, 3.419E-17, 1.3%, 3.205E-17, 1.3%, 2.942E-17, 1.4%, 2.695E-17, 1.4%, 2.492E-17, 1.4%, 2.253E-17, 1.5%, 1.993E-17, 1.6%, 1.741E-17, 1.7%, 1.569E-17, 1.7%, 1.364E-17, 1.8%, 1.216E-17, 1.9%, 9.730E-18, 2.1%, 8.601E-18, 2.2%, 7.019E-18, 2.4%, 6.005E-18, 2.6%, 5.068E-18, 2.7%, 3.888E-18, 3.2%, 3.126E-18, 3.4%, 2.392E-18, 3.7%, 1.827E-18, 4.2%, 1.493E-18, 4.6%, 1.093E-18, 5.2%, 9.111E-19, 5.3%, 6.555E-19, 6.0%, 5.133E-19, 6.1%, 4.880E-19, 6.3%, 3.965E-19, 6.4%, 3.581E-19, 6.9%, 3.522E-19, 6.2%, 3.322E-19, 6.0%
17, DK, 6.519E-01, 7.0%, 6.592E-01, 4.1%, 6.734E-01, 3.2%, 6.791E-01, 2.7%, 6.611E-01, 2.4%, 6.767E-01, 2.2%, 6.813E-01, 2.1%, 6.870E-01, 1.9%, 6.620E-01, 1.8%, 6.590E-01, 1.7%, 6.701E-01, 1.6%, 6.657E-01, 1.6%, 6.709E-01, 1.5%, 6.701E-01, 1.5%, 6.641E-01, 1.4%, 6.652E-01, 1.4%, 6.972E-01, 1.4%, 6.719E-01, 1.3%, 6.784E-01, 1.3%, 6.816E-01, 1.3%, 6.804E-01, 1.3%, 7.193E-01, 1.3%, 6.958E-01, 1.3%, 7.023E-01, 1.3%, 7.033E-01, 1.3%, 7.192E-01, 1.3%, 7.246E-01, 1.3%, 7.216E-01, 1.3%, 7.310E-01, 1.4%, 7.469E-01, 1.4%, 7.416E-01, 1.4%, 7.515E-01, 1.4%, 7.637E-01, 1.4%, 7.831E-01, 1.5%, 7.974E-01, 1.5%, 8.271E-01, 1.6%, 8.715E-01, 1.6%, 9.263E-01, 1.7%, 9.466E-01, 1.8%, 9.954E-01, 1.9%, 1.031E+00, 2.0%, 1.170E+00, 2.2%, 1.212E+00, 2.3%, 1.357E+00, 2.5%, 1.463E+00, 2.6%, 1.561E+00, 2.8%, 1.855E+00, 3.2%, 2.110E+00, 3.5%, 2.493E+00, 3.8%, 2.980E+00, 4.3%, 3.306E+00, 4.7%, 4.143E+00, 5.2%, 4.552E+00, 5.3%, 5.821E+00, 6.0%, 6.838E+00, 6.2%, 6.545E+00, 6.4%, 7.489E+00, 6.5%, 7.612E+00, 7.0%, 6.885E+00, 6.3%, 6.255E+00, 6.0%
16, T, 3.634E-17, 9.5%, 3.355E-17, 6.0%, 3.190E-17, 4.8%, 3.477E-17, 3.9%, 3.487E-17, 3.4%, 3.419E-17, 3.1%, 3.295E-17, 2.9%, 3.123E-17, 2.8%, 3.144E-17, 2.6%, 3.099E-17, 2.5%, 3.166E-17, 2.3%, 3.113E-17, 2.2%, 3.047E-17, 2.2%, 3.017E-17, 2.1%, 2.963E-17, 2.0%, 2.968E-17, 2.0%, 2.861E-17, 2.0%, 2.816E-17, 1.9%, 2.804E-17, 1.9%, 2.665E-17, 1.9%, 2.616E-17, 1.8%, 2.563E-17, 1.8%, 2.415E-17, 1.8%, 2.321E-17, 1.8%, 2.269E-17, 1.8%, 2.217E-17, 1.8%, 2.119E-17, 1.8%, 2.019E-17, 1.8%, 1.892E-17, 1.8%, 1.777E-17, 1.8%, 1.746E-17, 1.8%, 1.659E-17, 1.8%, 1.616E-17, 1.8%, 1.477E-17, 1.8%, 1.439E-17, 1.9%, 1.336E-17, 1.9%, 1.238E-17, 1.9%, 1.181E-17, 1.9%, 1.080E-17, 2.0%, 1.024E-17, 2.1%, 9.475E-18, 2.1%, 8.902E-18, 2.1%, 8.203E-18, 2.2%, 7.747E-18, 2.2%, 7.389E-18, 2.2%, 6.827E-18, 2.3%, 6.436E-18, 2.3%, 6.130E-18, 2.4%, 5.558E-18, 2.4%, 5.383E-18, 2.4%, 5.202E-18, 2.4%, 4.769E-18, 2.5%, 4.489E-18, 2.6%, 4.150E-18, 2.6%, 3.850E-18, 2.7%, 3.650E-18, 2.8%, 3.386E-18, 2.7%, 3.256E-18, 2.7%, 3.048E-18, 2.7%, 2.627E-18, 2.7%
16, TS, 3.373E-17, 9.5%, 3.130E-17, 6.0%, 2.972E-17, 4.8%, 3.238E-17, 3.9%, 3.248E-17, 3.4%, 3.186E-17, 3.1%, 3.073E-17, 2.9%, 2.910E-17, 2.8%, 2.931E-17, 2.6%, 2.891E-17, 2.5%, 2.950E-17, 2.3%, 2.900E-17, 2.2%, 2.839E-17, 2.2%, 2.814E-17, 2.1%, 2.761E-17, 2.0%, 2.765E-17, 2.0%, 2.665E-17, 2.0%, 2.627E-17, 1.9%, 2.613E-17, 1.8%, 2.483E-17, 1.9%, 2.439E-17, 1.8%, 2.389E-17, 1.8%, 2.252E-17, 1.8%, 2.162E-17, 1.8%, 2.115E-17, 1.8%, 2.066E-17, 1.7%, 1.976E-17, 1.7%, 1.882E-17, 1.8%, 1.763E-17, 1.8%, 1.656E-17, 1.8%, 1.628E-17, 1.8%, 1.545E-17, 1.8%, 1.507E-17, 1.8%, 1.379E-17, 1.8%, 1.342E-17, 1.9%, 1.247E-17, 1.9%, 1.155E-17, 1.9%, 1.101E-17, 1.9%, 1.008E-17, 2.0%, 9.548E-18, 2.0%, 8.836E-18, 2.1%, 8.295E-18, 2.1%, 7.661E-18, 2.1%, 7.226E-18, 2.1%, 6.889E-18, 2.2%, 6.378E-18, 2.2%, 6.009E-18, 2.3%, 5.718E-18, 2.4%, 5.190E-18, 2.4%, 5.031E-18, 2.4%, 4.853E-18, 2.4%, 4.443E-18, 2.5%, 4.193E-18, 2.6%, 3.873E-18, 2.6%, 3.594E-18, 2.6%, 3.407E-18, 2.7%, 3.161E-18, 2.7%, 3.043E-18, 2.7%, 2.844E-18, 2.7%, 2.458E-18, 2.7%
16, K, 1.109E-16, 25.8%, 8.819E-17, 16.1%, 8.182E-17, 13.0%, 6.665E-17, 12.4%, 7.903E-17, 9.8%, 8.658E-17, 8.5%, 8.124E-17, 7.8%, 7.753E-17, 7.8%, 7.610E-17, 7.6%, 7.837E-17, 6.9%, 6.708E-17, 6.6%, 7.182E-17, 6.3%, 7.100E-17, 6.2%, 7.542E-17, 5.9%, 7.086E-17, 5.7%, 6.883E-17, 5.8%, 6.582E-17, 5.6%, 5.952E-17, 5.6%, 6.767E-17, 5.2%, 5.744E-17, 5.4%, 6.095E-17, 5.2%, 6.045E-17, 5.0%, 5.506E-17, 5.3%, 5.167E-17, 5.3%, 4.571E-17, 5.4%, 4.686E-17, 5.4%, 4.383E-17, 5.4%, 4.030E-17, 5.5%, 3.798E-17, 5.6%, 3.331E-17, 5.6%, 3.857E-17, 5.5%, 2.959E-17, 5.9%, 3.126E-17, 5.8%, 2.893E-17, 6.0%, 2.448E-17, 6.6%, 2.246E-17, 6.4%, 2.120E-17, 6.7%, 1.917E-17, 6.8%, 1.541E-17, 7.3%, 1.373E-17, 7.9%, 1.188E-17, 8.3%, 8.610E-18, 9.5%, 7.349E-18, 10.7%, 6.940E-18, 10.6%, 6.455E-18, 11.2%, 5.416E-18, 12.1%, 4.143E-18, 13.3%, 2.220E-18, 16.6%, 2.543E-18, 17.0%, 1.582E-18, 21.7%, 1.335E-18, 21.2%, 1.092E-18, 22.8%, 4.996E-19, 29.1%, 7.755E-19, 24.8%, 6.108E-19, 29.3%, 4.780E-19, 30.2%, 4.608E-19, 26.0%, 3.861E-19, 32.4%, 3.055E-19, 28.0%, 1.301E-19, 32.3%
16, DK, 3.278E-01, 27.5%, 3.804E-01, 17.2%, 3.898E-01, 13.8%, 5.217E-01, 13.0%, 4.412E-01, 10.4%, 3.949E-01, 9.0%, 4.055E-01, 8.3%, 4.029E-01, 8.3%, 4.131E-01, 8.0%, 3.954E-01, 7.3%, 4.719E-01, 7.0%, 4.334E-01, 6.7%, 4.292E-01, 6.5%, 4.000E-01, 6.2%, 4.181E-01, 6.1%, 4.313E-01, 6.1%, 4.347E-01, 5.9%, 4.732E-01, 6.0%, 4.143E-01, 5.5%, 4.639E-01, 5.7%, 4.292E-01, 5.5%, 4.240E-01, 5.3%, 4.387E-01, 5.6%, 4.491E-01, 5.6%, 4.964E-01, 5.7%, 4.731E-01, 5.6%, 4.834E-01, 5.7%, 5.010E-01, 5.8%, 4.981E-01, 5.8%, 5.333E-01, 5.9%, 4.527E-01, 5.8%, 5.606E-01, 6.2%, 5.169E-01, 6.0%, 5.106E-01, 6.2%, 5.879E-01, 6.9%, 5.948E-01, 6.6%, 5.843E-01, 7.0%, 6.162E-01, 7.1%, 7.010E-01, 7.6%, 7.461E-01, 8.1%, 7.977E-01, 8.6%, 1.034E+00, 9.7%, 1.116E+00, 10.9%, 1.116E+00, 10.8%, 1.145E+00, 11.4%, 1.261E+00, 12.3%, 1.553E+00, 13.5%, 2.762E+00, 16.8%, 2.185E+00, 17.2%, 3.403E+00, 21.8%, 3.897E+00, 21.3%, 4.368E+00, 22.9%, 8.987E+00, 29.2%, 5.352E+00, 25.0%, 6.303E+00, 29.4%, 7.638E+00, 30.3%, 7.349E+00, 26.1%, 8.435E+00, 32.6%, 9.977E+00, 28.2%, 2.020E+01, 32.5%
19, T, 4.806E-17, 2.0%, 4.659E-17, 1.4%, 4.684E-17, 1.1%, 4.656E-17, 0.9%, 4.667E-17, 0.8%, 4.650E-17, 0.8%, 4.649E-17, 0.7%, 4.614E-17, 0.6%, 4.590E-17, 0.6%, 4.564E-17, 0.6%, 4.493E-17, 0.6%, 4.427E-17, 0.5%, 4.304E-17, 0.5%, 4.248E-17, 0.5%, 4.181E-17, 0.5%, 4.099E-17, 0.5%, 4.003E-17, 0.5%, 3.909E-17, 0.5%, 3.794E-17, 0.5%, 3.695E-17, 0.4%, 3.599E-17, 0.4%, 3.483E-17, 0.4%, 3.370E-17, 0.4%, 3.256E-17, 0.4%, 3.149E-17, 0.4%, 3.027E-17, 0.4%, 2.897E-17, 0.4%, 2.786E-17, 0.4%, 2.665E-17, 0.4%, 2.567E-17, 0.4%, 2.438E-17, 0.4%, 2.313E-17, 0.4%, 2.181E-17, 0.4%, 2.064E-17, 0.4%, 1.944E-17, 0.4%, 1.836E-17, 0.5%, 1.710E-17, 0.5%, 1.604E-17, 0.5%, 1.495E-17, 0.5%, 1.379E-17, 0.5%, 1.271E-17, 0.5%, 1.181E-17, 0.5%, 1.078E-17, 0.5%, 9.906E-18, 0.5%, 9.112E-18, 0.5%, 8.360E-18, 0.6%, 7.711E-18, 0.6%, 7.036E-18, 0.6%, 6.439E-18, 0.6%, 5.911E-18, 0.6%, 5.431E-18, 0.6%, 4.934E-18, 0.6%, 4.542E-18, 0.7%, 4.211E-18, 0.7%, 3.815E-18, 0.7%, 3.486E-18, 0.7%, 3.224E-18, 0.7%, 2.933E-18, 0.7%, 2.622E-18, 0.7%, 2.214E-18, 0.7%
19, TS, 4.485E-17, 2.0%, 4.348E-17, 1.4%, 4.370E-17, 1.1%, 4.344E-17, 0.9%, 4.356E-17, 0.8%, 4.338E-17, 0.7%, 4.338E-17, 0.7%, 4.306E-17, 0.6%, 4.284E-17, 0.6%, 4.259E-17, 0.6%, 4.193E-17, 0.6%, 4.131E-17, 0.5%, 4.016E-17, 0.5%, 3.965E-17, 0.5%, 3.901E-17, 0.5%, 3.825E-17, 0.5%, 3.736E-17, 0.5%, 3.648E-17, 0.5%, 3.541E-17, 0.5%, 3.449E-17, 0.4%, 3.358E-17, 0.4%, 3.250E-17, 0.4%, 3.145E-17, 0.4%, 3.039E-17, 0.4%, 2.939E-17, 0.4%, 2.825E-17, 0.4%, 2.704E-17, 0.4%, 2.600E-17, 0.4%, 2.487E-17, 0.4%, 2.396E-17, 0.4%, 2.275E-17, 0.4%, 2.158E-17, 0.4%, 2.036E-17, 0.4%, 1.926E-17, 0.4%, 1.814E-17, 0.4%, 1.713E-17, 0.5%, 1.596E-17, 0.5%, 1.497E-17, 0.5%, 1.395E-17, 0.5%, 1.287E-17, 0.5%, 1.186E-17, 0.5%, 1.102E-17, 0.5%, 1.006E-17, 0.5%, 9.247E-18, 0.5%, 8.504E-18, 0.5%, 7.805E-18, 0.6%, 7.197E-18, 0.6%, 6.567E-18, 0.6%, 6.010E-18, 0.6%, 5.517E-18, 0.6%, 5.069E-18, 0.6%, 4.605E-18, 0.6%, 4.240E-18, 0.7%, 3.930E-18, 0.7%, 3.561E-18, 0.7%, 3.255E-18, 0.7%, 3.009E-18, 0.7%, 2.738E-18, 0.7%, 2.448E-18, 0.7%, 2.068E-18, 0.7%
19, K, 6.721E-17, 7.1%, 6.399E-17, 4.3%, 6.518E-17, 3.3%, 5.977E-17, 2.9%, 6.532E-17, 2.4%, 6.271E-17, 2.2%, 6.290E-17, 2.1%, 6.458E-17, 1.9%, 6.188E-17, 1.8%, 5.983E-17, 1.7%, 5.979E-17, 1.7%, 5.995E-17, 1.6%, 5.883E-17, 1.5%, 5.770E-17, 1.5%, 5.645E-17, 1.5%, 5.539E-17, 1.4%, 5.318E-17, 1.4%, 5.183E-17, 1.4%, 5.042E-17, 1.4%, 4.922E-17, 1.3%, 4.759E-17, 1.3%, 4.524E-17, 1.3%, 4.443E-17, 1.3%, 4.229E-17, 1.3%, 4.046E-17, 1.3%, 3.850E-17, 1.3%, 3.797E-17, 1.3%, 3.515E-17, 1.3%, 3.390E-17, 1.3%, 3.176E-17, 1.4%, 3.045E-17, 1.4%, 2.762E-17, 1.4%, 2.621E-17, 1.4%, 2.404E-17, 1.5%, 2.219E-17, 1.5%, 2.058E-17, 1.5%, 1.863E-17, 1.6%, 1.655E-17, 1.7%, 1.538E-17, 1.7%, 1.382E-17, 1.8%, 1.158E-17, 1.9%, 9.935E-18, 2.0%, 8.800E-18, 2.2%, 7.647E-18, 2.3%, 6.554E-18, 2.4%, 5.313E-18, 2.6%, 4.504E-18, 2.8%, 3.702E-18, 3.1%, 3.115E-18, 3.3%, 2.324E-18, 3.7%, 1.948E-18, 4.0%, 1.522E-18, 4.4%, 1.260E-18, 4.6%, 9.853E-19, 4.9%, 8.059E-19, 5.3%, 7.582E-19, 5.4%, 5.569E-19, 5.8%, 6.010E-19, 5.5%, 5.131E-19, 5.9%, 4.854E-19, 5.8%
19, DK, 7.150E-01, 7.4%, 7.281E-01, 4.5%, 7.186E-01, 3.5%, 7.788E-01, 3.0%, 7.145E-01, 2.6%, 7.415E-01, 2.4%, 7.390E-01, 2.2%, 7.145E-01, 2.0%, 7.417E-01, 1.9%, 7.628E-01, 1.8%, 7.514E-01, 1.8%, 7.384E-01, 1.7%, 7.316E-01, 1.6%, 7.363E-01, 1.6%, 7.406E-01, 1.5%, 7.402E-01, 1.5%, 7.527E-01, 1.5%, 7.541E-01, 1.5%, 7.525E-01, 1.4%, 7.506E-01, 1.4%, 7.561E-01, 1.4%, 7.699E-01, 1.4%, 7.585E-01, 1.4%, 7.699E-01, 1.4%, 7.782E-01, 1.4%, 7.863E-01, 1.4%, 7.632E-01, 1.4%, 7.928E-01, 1.4%, 7.863E-01, 1.4%, 8.082E-01, 1.4%, 8.007E-01, 1.4%, 8.373E-01, 1.5%, 8.321E-01, 1.5%, 8.585E-01, 1.5%, 8.759E-01, 1.6%, 8.921E-01, 1.6%, 9.179E-01, 1.7%, 9.686E-01, 1.7%, 9.720E-01, 1.8%, 9.980E-01, 1.8%, 1.098E+00, 2.0%, 1.189E+00, 2.1%, 1.225E+00, 2.2%, 1.295E+00, 2.3%, 1.390E+00, 2.5%, 1.574E+00, 2.7%, 1.712E+00, 2.9%, 1.901E+00, 3.1%, 2.067E+00, 3.4%, 2.544E+00, 3.7%, 2.788E+00, 4.1%, 3.243E+00, 4.4%, 3.605E+00, 4.7%, 4.273E+00, 5.0%, 4.733E+00, 5.4%, 4.598E+00, 5.4%, 5.789E+00, 5.9%, 4.880E+00, 5.5%, 5.111E+00, 6.0%, 4.561E+00, 5.8%
18, T, 5.131E-17, 1.4%, 5.233E-17, 0.9%, 5.246E-17, 0.7%, 5.227E-17, 0.6%, 5.163E-17, 0.6%, 5.169E-17, 0.5%, 5.156E-17, 0.5%, 5.113E-17, 0.4%, 5.045E-17, 0.4%, 4.970E-17, 0.4%, 4.937E-17, 0.4%, 4.842E-17, 0.4%, 4.785E-17, 0.4%, 4.707E-17, 0.3%, 4.612E-17, 0.3%, 4.508E-17, 0.3%, 4.406E-17, 0.3%, 4.302E-17, 0.3%, 4.188E-17, 0.3%, 4.054E-17, 0.3%, 3.929E-17, 0.3%, 3.807E-17, 0.3%, 3.673E-17, 0.3%, 3.559E-17, 0.3%, 3.426E-17, 0.3%, 3.292E-17, 0.3%, 3.161E-17, 0.3%, 3.016E-17, 0.3%, 2.899E-17, 0.3%, 2.754E-17, 0.3%, 2.618E-17, 0.3%, 2.468E-17, 0.3%, 2.338E-17, 0.3%, 2.200E-17, 0.3%, 2.072E-17, 0.3%, 1.944E-17, 0.3%, 1.814E-17, 0.3%, 1.691E-17, 0.3%, 1.572E-17, 0.3%, 1.448E-17, 0.3%, 1.333E-17, 0.3%, 1.225E-17, 0.4%, 1.130E-17, 0.4%, 1.033E-17, 0.4%, 9.474E-18, 0.4%, 8.674E-18, 0.4%, 7.912E-18, 0.4%, 7.237E-18, 0.4%, 6.606E-18, 0.4%, 6.007E-18, 0.4%, 5.506E-18, 0.4%, 5.037E-18, 0.5%, 4.606E-18, 0.5%, 4.224E-18, 0.5%, 3.894E-18, 0.5%, 3.585E-18, 0.5%, 3.285E-18, 0.5%, 2.982E-18, 0.5%, 2.672E-18, 0.5%, 2.292E-18, 0.5%
18, TS, 4.788E-17, 1.4%, 4.882E-17, 0.9%, 4.896E-17, 0.7%, 4.877E-17, 0.6%, 4.819E-17, 0.6%, 4.823E-17, 0.5%, 4.811E-17, 0.5%, 4.770E-17, 0.4%, 4.707E-17, 0.4%, 4.638E-17, 0.4%, 4.606E-17, 0.4%, 4.517E-17, 0.4%, 4.465E-17, 0.4%, 4.392E-17, 0.3%, 4.304E-17, 0.3%, 4.206E-17, 0.3%, 4.111E-17, 0.3%, 4.014E-17, 0.3%, 3.908E-17, 0.3%, 3.783E-17, 0.3%, 3.666E-17, 0.3%, 3.552E-17, 0.3%, 3.427E-17, 0.3%, 3.321E-17, 0.3%, 3.198E-17, 0.3%, 3.072E-17, 0.3%, 2.950E-17, 0.3%, 2.815E-17, 0.3%, 2.704E-17, 0.3%, 2.570E-17, 0.3%, 2.443E-17, 0.3%, 2.303E-17, 0.3%, 2.182E-17, 0.3%, 2.053E-17, 0.3%, 1.933E-17, 0.3%, 1.814E-17, 0.3%, 1.693E-17, 0.3%, 1.578E-17, 0.3%, 1.467E-17, 0.3%, 1.351E-17, 0.3%, 1.244E-17, 0.3%, 1.144E-17, 0.4%, 1.055E-17, 0.4%, 9.638E-18, 0.4%, 8.843E-18, 0.4%, 8.095E-18, 0.4%, 7.385E-18, 0.4%, 6.754E-18, 0.4%, 6.166E-18, 0.4%, 5.607E-18, 0.4%, 5.140E-18, 0.4%, 4.702E-18, 0.5%, 4.299E-18, 0.5%, 3.942E-18, 0.5%, 3.633E-18, 0.5%, 3.346E-18, 0.5%, 3.066E-18, 0.5%, 2.784E-18, 0.5%, 2.495E-18, 0.5%, 2.140E-18, 0.5%
18, K, 6.986E-17, 5.0%, 6.809E-17, 2.9%, 7.136E-17, 2.2%, 7.056E-17, 1.9%, 6.969E-17, 1.7%, 7.011E-17, 1.5%, 7.065E-17, 1.4%, 6.952E-17, 1.3%, 6.846E-17, 1.2%, 6.719E-17, 1.2%, 6.768E-17, 1.1%, 6.504E-17, 1.1%, 6.515E-17, 1.0%, 6.425E-17, 1.0%, 6.249E-17, 1.0%, 6.211E-17, 0.9%, 5.873E-17, 0.9%, 5.798E-17, 0.9%, 5.552E-17, 0.9%, 5.376E-17, 0.9%, 5.142E-17, 0.9%, 4.988E-17, 0.9%, 4.826E-17, 0.9%, 4.532E-17, 0.9%, 4.427E-17, 0.9%, 4.150E-17, 0.9%, 3.992E-17, 0.9%, 3.829E-17, 0.9%, 3.618E-17, 0.9%, 3.405E-17, 0.9%, 3.216E-17, 0.9%, 3.012E-17, 1.0%, 2.751E-17, 1.0%, 2.569E-17, 1.0%, 2.392E-17, 1.0%, 2.135E-17, 1.1%, 1.927E-17, 1.1%, 1.724E-17, 1.1%, 1.538E-17, 1.2%, 1.381E-17, 1.3%, 1.198E-17, 1.3%, 1.034E-17, 1.4%, 9.117E-18, 1.5%, 7.455E-18, 1.6%, 6.403E-18, 1.7%, 5.307E-18, 1.9%, 4.297E-18, 2.0%, 3.540E-18, 2.2%, 2.841E-18, 2.4%, 2.227E-18, 2.7%, 1.820E-18, 2.9%, 1.376E-18, 3.2%, 1.136E-18, 3.4%, 8.548E-19, 3.7%, 7.094E-19, 3.9%, 5.992E-19, 4.0%, 5.524E-19, 3.9%, 4.939E-19, 4.0%, 4.876E-19, 4.0%, 4.426E-19, 4.0%
18, DK, 7.345E-01, 5.2%, 7.685E-01, 3.0%, 7.352E-01, 2.3%, 7.408E-01, 2.0%, 7.409E-01, 1.8%, 7.372E-01, 1.6%, 7.298E-01, 1.4%, 7.355E-01, 1.4%, 7.369E-01, 1.3%, 7.398E-01, 1.2%, 7.294E-01, 1.2%, 7.445E-01, 1.1%, 7.345E-01, 1.1%, 7.326E-01, 1.1%, 7.382E-01, 1.0%, 7.258E-01, 1.0%, 7.501E-01, 1.0%, 7.420E-01, 1.0%, 7.543E-01, 1.0%, 7.541E-01, 1.0%, 7.641E-01, 1.0%, 7.632E-01, 0.9%, 7.610E-01, 0.9%, 7.853E-01, 0.9%, 7.740E-01, 0.9%, 7.932E-01, 0.9%, 7.917E-01, 0.9%, 7.878E-01, 1.0%, 8.012E-01, 1.0%, 8.090E-01, 1.0%, 8.140E-01, 1.0%, 8.193E-01, 1.0%, 8.500E-01, 1.0%, 8.562E-01, 1.0%, 8.662E-01, 1.1%, 9.108E-01, 1.1%, 9.415E-01, 1.1%, 9.809E-01, 1.2%, 1.022E+00, 1.2%, 1.048E+00, 1.3%, 1.113E+00, 1.4%, 1.185E+00, 1.5%, 1.240E+00, 1.5%, 1.385E+00, 1.7%, 1.480E+00, 1.8%, 1.634E+00, 1.9%, 1.841E+00, 2.1%, 2.045E+00, 2.2%, 2.325E+00, 2.5%, 2.697E+00, 2.7%, 3.026E+00, 3.0%, 3.661E+00, 3.2%, 4.055E+00, 3.4%, 4.942E+00, 3.7%, 5.489E+00, 3.9%, 5.983E+00, 4.0%, 5.947E+00, 4.0%, 6.037E+00, 4.0%, 5.481E+00, 4.1%, 5.177E+00, 4.1%
20, T, 2.882E-17, 0.6%, 2.866E-17, 0.4%, 2.868E-17, 0.4%, 2.854E-17, 0.3%, 2.841E-17, 0.3%, 2.818E-17, 0.2%, 2.796E-17, 0.2%, 2.776E-17, 0.2%, 2.749E-17, 0.2%, 2.729E-17, 0.2%, 2.693E-17, 0.2%, 2.657E-17, 0.2%, 2.624E-17, 0.2%, 2.582E-17, 0.2%, 2.538E-17, 0.2%, 2.496E-17, 0.2%, 2.443E-17, 0.2%, 2.394E-17, 0.2%, 2.338E-17, 0.2%, 2.280E-17, 0.1%, 2.219E-17, 0.1%, 2.160E-17, 0.1%, 2.100E-17, 0.1%, 2.037E-17, 0.1%, 1.971E-17, 0.1%, 1.913E-17, 0.1%, 1.848E-17, 0.1%, 1.783E-17, 0.1%, 1.720E-17, 0.1%, 1.652E-17, 0.1%, 1.585E-17, 0.1%, 1.517E-17, 0.1%, 1.455E-17, 0.1%, 1.387E-17, 0.1%, 1.317E-17, 0.1%, 1.251E-17, 0.1%, 1.184E-17, 0.1%, 1.119E-17, 0.1%, 1.056E-17, 0.1%, 9.926E-18, 0.2%, 9.308E-18, 0.2%, 8.717E-18, 0.2%, 8.134E-18, 0.2%, 7.592E-18, 0.2%, 7.058E-18, 0.2%, 6.536E-18, 0.2%, 6.048E-18, 0.2%, 5.596E-18, 0.2%, 5.175E-18, 0.2%, 4.776E-18, 0.2%, 4.399E-18, 0.2%, 4.048E-18, 0.2%, 3.715E-18, 0.2%, 3.421E-18, 0.2%, 3.138E-18, 0.2%, 2.881E-18, 0.2%, 2.631E-18, 0.2%, 2.378E-18, 0.2%, 2.127E-18, 0.2%, 1.801E-18, 0.2%
20, TS, 2.690E-17, 0.6%, 2.676E-17, 0.4%, 2.677E-17, 0.4%, 2.665E-17, 0.3%, 2.652E-17, 0.3%, 2.631E-17, 0.2%, 2.610E-17, 0.2%, 2.592E-17, 0.2%, 2.567E-17, 0.2%, 2.548E-17, 0.2%, 2.514E-17, 0.2%, 2.480E-17, 0.2%, 2.450E-17, 0.2%, 2.411E-17, 0.2%, 2.369E-17, 0.2%, 2.330E-17, 0.2%, 2.281E-17, 0.2%, 2.235E-17, 0.2%, 2.182E-17, 0.1%, 2.128E-17, 0.1%, 2.071E-17, 0.1%, 2.016E-17, 0.1%, 1.961E-17, 0.1%, 1.902E-17, 0.1%, 1.840E-17, 0.1%, 1.786E-17, 0.1%, 1.725E-17, 0.1%, 1.665E-17, 0.1%, 1.606E-17, 0.1%, 1.543E-17, 0.1%, 1.480E-17, 0.1%, 1.416E-17, 0.1%, 1.358E-17, 0.1%, 1.295E-17, 0.1%, 1.230E-17, 0.1%, 1.168E-17, 0.1%, 1.106E-17, 0.1%, 1.045E-17, 0.1%, 9.859E-18, 0.1%, 9.267E-18, 0.2%, 8.690E-18, 0.2%, 8.138E-18, 0.2%, 7.594E-18, 0.2%, 7.088E-18, 0.2%, 6.590E-18, 0.2%, 6.102E-18, 0.2%, 5.647E-18, 0.2%, 5.224E-18, 0.2%, 4.831E-18, 0.2%, 4.459E-18, 0.2%, 4.107E-18, 0.2%, 3.779E-18, 0.2%, 3.468E-18, 0.2%, 3.194E-18, 0.2%, 2.930E-18, 0.2%, 2.689E-18, 0.2%, 2.456E-18, 0.2%, 2.221E-18, 0.2%, 1.986E-18, 0.2%, 1.683E-18, 0.2%
20, K, 3.845E-17, 2.4%, 3.865E-17, 1.4%, 3.955E-17, 1.1%, 3.903E-17, 0.9%, 3.858E-17, 0.8%, 3.818E-17, 0.7%, 3.763E-17, 0.7%, 3.774E-17, 0.6%, 3.755E-17, 0.6%, 3.739E-17, 0.6%, 3.673E-17, 0.5%, 3.648E-17, 0.5%, 3.562E-17, 0.5%, 3.501E-17, 0.5%, 3.442E-17, 0.5%, 3.370E-17, 0.5%, 3.312E-17, 0.5%, 3.197E-17, 0.5%, 3.122E-17, 0.4%, 3.074E-17, 0.4%, 2.946E-17, 0.4%, 2.863E-17, 0.4%, 2.742E-17, 0.4%, 2.651E-17, 0.4%, 2.575E-17, 0.4%, 2.448E-17, 0.4%, 2.368E-17, 0.4%, 2.264E-17, 0.4%, 2.172E-17, 0.4%, 2.088E-17, 0.4%, 1.980E-17, 0.4%, 1.856E-17, 0.4%, 1.770E-17, 0.4%, 1.665E-17, 0.5%, 1.555E-17, 0.5%, 1.454E-17, 0.5%, 1.367E-17, 0.5%, 1.253E-17, 0.5%, 1.158E-17, 0.5%, 1.059E-17, 0.5%, 9.771E-18, 0.5%, 8.669E-18, 0.6%, 7.827E-18, 0.6%, 6.990E-18, 0.6%, 6.148E-18, 0.6%, 5.505E-18, 0.7%, 4.745E-18, 0.7%, 4.147E-18, 0.8%, 3.551E-18, 0.8%, 2.991E-18, 0.9%, 2.528E-18, 0.9%, 2.162E-18, 1.0%, 1.807E-18, 1.1%, 1.507E-18, 1.1%, 1.267E-18, 1.2%, 1.047E-18, 1.3%, 8.381E-19, 1.4%, 7.279E-19, 1.5%, 5.980E-19, 1.6%, 5.263E-19, 1.6%
20, DK, 7.496E-01, 2.5%, 7.415E-01, 1.5%, 7.251E-01, 1.1%, 7.312E-01, 1.0%, 7.364E-01, 0.9%, 7.382E-01, 0.8%, 7.431E-01, 0.7%, 7.357E-01, 0.7%, 7.322E-01, 0.6%, 7.300E-01, 0.6%, 7.330E-01, 0.6%, 7.281E-01, 0.6%, 7.369E-01, 0.5%, 7.377E-01, 0.5%, 7.373E-01, 0.5%, 7.408E-01, 0.5%, 7.378E-01, 0.5%, 7.489E-01, 0.5%, 7.489E-01, 0.5%, 7.417E-01, 0.5%, 7.532E-01, 0.5%, 7.544E-01, 0.5%, 7.661E-01, 0.5%, 7.684E-01, 0.5%, 7.653E-01, 0.4%, 7.816E-01, 0.5%, 7.803E-01, 0.4%, 7.876E-01, 0.5%, 7.919E-01, 0.5%, 7.912E-01, 0.5%, 8.006E-01, 0.5%, 8.174E-01, 0.5%, 8.219E-01, 0.5%, 8.333E-01, 0.5%, 8.468E-01, 0.5%, 8.600E-01, 0.5%, 8.663E-01, 0.5%, 8.931E-01, 0.5%, 9.118E-01, 0.5%, 9.369E-01, 0.5%, 9.526E-01, 0.6%, 1.006E+00, 0.6%, 1.039E+00, 0.6%, 1.086E+00, 0.6%, 1.148E+00, 0.7%, 1.187E+00, 0.7%, 1.275E+00, 0.7%, 1.349E+00, 0.8%, 1.458E+00, 0.8%, 1.597E+00, 0.9%, 1.740E+00, 1.0%, 1.872E+00, 1.0%, 2.056E+00, 1.1%, 2.270E+00, 1.2%, 2.476E+00, 1.3%, 2.751E+00, 1.3%, 3.139E+00, 1.5%, 3.267E+00, 1.5%, 3.557E+00, 1.6%, 3.422E+00, 1.7%
