IRL, Te-, +-, E1, +-, Tph, +-, E2, +-, Te+, +-, E3, +-, Pe-, +-, E4, +-, Pph, +-, E5, +-, Pe+, +-, E6, +-
2, 5.691E-08, 1.4%, 6.855E-01, 1.6%, 1.752E-05, 0.4%, 1.720E+00, 0.3%, 5.370E-10, 9.9%, 1.052E+00, 7.1%, 5.484E-08, 1.4%, 7.081E-01, 1.6%, 1.752E-05, 0.4%, 1.721E+00, 0.3%, 5.370E-10, 9.9%, 1.052E+00, 7.1%
3, 1.251E-07, 0.8%, 8.092E-01, 0.8%, 1.748E-05, 0.4%, 1.718E+00, 0.3%, 1.399E-09, 6.5%, 1.067E+00, 4.9%, 1.196E-07, 0.8%, 8.407E-01, 0.8%, 1.747E-05, 0.4%, 1.719E+00, 0.3%, 1.399E-09, 6.5%, 1.067E+00, 4.9%
4, 1.667E-07, 0.7%, 8.718E-01, 0.7%, 1.740E-05, 0.4%, 1.718E+00, 0.3%, 2.050E-09, 5.4%, 1.161E+00, 3.9%, 1.590E-07, 0.7%, 9.074E-01, 0.7%, 1.739E-05, 0.4%, 1.718E+00, 0.3%, 2.050E-09, 5.4%, 1.161E+00, 3.9%
5, 1.910E-07, 0.6%, 9.153E-01, 0.6%, 1.730E-05, 0.4%, 1.719E+00, 0.3%, 2.566E-09, 4.9%, 1.162E+00, 3.5%, 1.816E-07, 0.6%, 9.548E-01, 0.6%, 1.730E-05, 0.4%, 1.720E+00, 0.3%, 2.566E-09, 4.9%, 1.162E+00, 3.5%
6, 2.084E-07, 0.6%, 9.602E-01, 0.6%, 1.719E-05, 0.4%, 1.721E+00, 0.3%, 2.723E-09, 4.7%, 1.139E+00, 3.4%, 1.978E-07, 0.6%, 1.003E+00, 0.6%, 1.719E-05, 0.4%, 1.721E+00, 0.3%, 2.723E-09, 4.7%, 1.139E+00, 3.4%
7, 2.166E-07, 0.6%, 9.810E-01, 0.5%, 1.707E-05, 0.4%, 1.722E+00, 0.3%, 2.951E-09, 4.6%, 1.183E+00, 3.1%, 2.059E-07, 0.6%, 1.024E+00, 0.5%, 1.707E-05, 0.4%, 1.723E+00, 0.3%, 2.951E-09, 4.6%, 1.183E+00, 3.1%
8, 2.242E-07, 0.6%, 9.954E-01, 0.5%, 1.695E-05, 0.4%, 1.725E+00, 0.3%, 2.970E-09, 4.5%, 1.159E+00, 3.0%, 2.127E-07, 0.6%, 1.040E+00, 0.5%, 1.694E-05, 0.4%, 1.725E+00, 0.3%, 2.970E-09, 4.5%, 1.159E+00, 3.0%
9, 2.299E-07, 0.6%, 9.991E-01, 0.5%, 1.681E-05, 0.4%, 1.727E+00, 0.3%, 3.068E-09, 4.5%, 1.233E+00, 3.0%, 2.179E-07, 0.6%, 1.045E+00, 0.5%, 1.681E-05, 0.4%, 1.727E+00, 0.3%, 3.068E-09, 4.5%, 1.233E+00, 3.0%
10, 2.277E-07, 0.6%, 1.006E+00, 0.5%, 1.670E-05, 0.4%, 1.729E+00, 0.3%, 3.171E-09, 4.4%, 1.239E+00, 3.1%, 2.160E-07, 0.6%, 1.052E+00, 0.5%, 1.669E-05, 0.4%, 1.729E+00, 0.3%, 3.171E-09, 4.4%, 1.239E+00, 3.1%
11, 2.306E-07, 0.6%, 1.021E+00, 0.5%, 1.656E-05, 0.4%, 1.732E+00, 0.3%, 3.121E-09, 4.5%, 1.230E+00, 3.0%, 2.190E-07, 0.6%, 1.067E+00, 0.5%, 1.656E-05, 0.4%, 1.732E+00, 0.3%, 3.121E-09, 4.5%, 1.230E+00, 3.0%
12, 2.330E-07, 0.6%, 1.018E+00, 0.5%, 1.644E-05, 0.4%, 1.733E+00, 0.3%, 3.090E-09, 4.5%, 1.164E+00, 3.3%, 2.211E-07, 0.6%, 1.065E+00, 0.5%, 1.643E-05, 0.4%, 1.734E+00, 0.3%, 3.090E-09, 4.5%, 1.164E+00, 3.3%
13, 2.325E-07, 0.6%, 1.026E+00, 0.5%, 1.631E-05, 0.4%, 1.736E+00, 0.3%, 3.156E-09, 4.4%, 1.237E+00, 3.0%, 2.203E-07, 0.6%, 1.073E+00, 0.5%, 1.630E-05, 0.4%, 1.736E+00, 0.3%, 3.156E-09, 4.4%, 1.237E+00, 3.0%
14, 2.314E-07, 0.6%, 1.016E+00, 0.5%, 1.618E-05, 0.4%, 1.739E+00, 0.3%, 2.933E-09, 4.6%, 1.182E+00, 3.3%, 2.193E-07, 0.6%, 1.063E+00, 0.5%, 1.618E-05, 0.4%, 1.739E+00, 0.3%, 2.933E-09, 4.6%, 1.182E+00, 3.3%
15, 2.279E-07, 0.6%, 1.019E+00, 0.5%, 1.606E-05, 0.4%, 1.742E+00, 0.3%, 2.974E-09, 4.5%, 1.238E+00, 3.1%, 2.162E-07, 0.6%, 1.065E+00, 0.5%, 1.605E-05, 0.4%, 1.742E+00, 0.3%, 2.974E-09, 4.5%, 1.238E+00, 3.1%
16, 2.261E-07, 0.6%, 1.021E+00, 0.5%, 1.593E-05, 0.4%, 1.745E+00, 0.3%, 3.164E-09, 4.5%, 1.208E+00, 3.1%, 2.142E-07, 0.6%, 1.069E+00, 0.5%, 1.593E-05, 0.4%, 1.745E+00, 0.3%, 3.164E-09, 4.5%, 1.208E+00, 3.1%
17, 2.275E-07, 0.6%, 1.031E+00, 0.5%, 1.580E-05, 0.4%, 1.747E+00, 0.3%, 3.170E-09, 4.4%, 1.224E+00, 3.0%, 2.159E-07, 0.6%, 1.077E+00, 0.5%, 1.579E-05, 0.4%, 1.748E+00, 0.3%, 3.170E-09, 4.4%, 1.224E+00, 3.0%
18, 2.246E-07, 0.6%, 1.030E+00, 0.5%, 1.567E-05, 0.4%, 1.750E+00, 0.3%, 2.999E-09, 4.5%, 1.259E+00, 3.3%, 2.130E-07, 0.6%, 1.076E+00, 0.5%, 1.566E-05, 0.4%, 1.750E+00, 0.3%, 2.999E-09, 4.5%, 1.259E+00, 3.3%
19, 2.226E-07, 0.6%, 1.028E+00, 0.5%, 1.554E-05, 0.4%, 1.752E+00, 0.3%, 3.088E-09, 4.5%, 1.174E+00, 3.2%, 2.107E-07, 0.6%, 1.076E+00, 0.5%, 1.554E-05, 0.4%, 1.753E+00, 0.3%, 3.088E-09, 4.5%, 1.174E+00, 3.2%
20, 2.212E-07, 0.6%, 1.021E+00, 0.5%, 1.542E-05, 0.4%, 1.755E+00, 0.3%, 2.791E-09, 4.7%, 1.237E+00, 2.9%, 2.095E-07, 0.6%, 1.069E+00, 0.5%, 1.541E-05, 0.4%, 1.756E+00, 0.3%, 2.791E-09, 4.7%, 1.237E+00, 2.9%
21, 2.194E-07, 0.6%, 1.021E+00, 0.5%, 1.529E-05, 0.4%, 1.759E+00, 0.3%, 2.871E-09, 4.6%, 1.229E+00, 3.0%, 2.080E-07, 0.6%, 1.068E+00, 0.5%, 1.529E-05, 0.4%, 1.759E+00, 0.3%, 2.871E-09, 4.6%, 1.229E+00, 3.0%
22, 2.203E-07, 0.6%, 1.024E+00, 0.5%, 1.517E-05, 0.4%, 1.761E+00, 0.3%, 2.995E-09, 4.5%, 1.193E+00, 3.2%, 2.092E-07, 0.6%, 1.069E+00, 0.5%, 1.516E-05, 0.4%, 1.762E+00, 0.3%, 2.995E-09, 4.5%, 1.193E+00, 3.2%
23, 2.187E-07, 0.6%, 1.029E+00, 0.5%, 1.505E-05, 0.4%, 1.764E+00, 0.3%, 2.949E-09, 4.6%, 1.186E+00, 3.1%, 2.072E-07, 0.6%, 1.077E+00, 0.5%, 1.505E-05, 0.4%, 1.765E+00, 0.3%, 2.949E-09, 4.6%, 1.186E+00, 3.1%
24, 2.178E-07, 0.6%, 1.033E+00, 0.5%, 1.493E-05, 0.4%, 1.767E+00, 0.3%, 3.094E-09, 4.6%, 1.186E+00, 2.9%, 2.066E-07, 0.6%, 1.080E+00, 0.5%, 1.492E-05, 0.4%, 1.767E+00, 0.3%, 3.094E-09, 4.6%, 1.186E+00, 2.9%
25, 2.166E-07, 0.6%, 1.031E+00, 0.5%, 1.480E-05, 0.4%, 1.769E+00, 0.3%, 2.994E-09, 4.5%, 1.116E+00, 3.1%, 2.055E-07, 0.6%, 1.078E+00, 0.5%, 1.479E-05, 0.4%, 1.769E+00, 0.3%, 2.994E-09, 4.5%, 1.116E+00, 3.1%
26, 2.144E-07, 0.6%, 1.030E+00, 0.5%, 1.467E-05, 0.4%, 1.772E+00, 0.3%, 2.983E-09, 4.5%, 1.175E+00, 3.3%, 2.033E-07, 0.6%, 1.077E+00, 0.5%, 1.467E-05, 0.4%, 1.773E+00, 0.3%, 2.983E-09, 4.5%, 1.175E+00, 3.3%
27, 2.136E-07, 0.6%, 1.025E+00, 0.5%, 1.455E-05, 0.4%, 1.775E+00, 0.3%, 3.234E-09, 4.3%, 1.196E+00, 3.1%, 2.024E-07, 0.6%, 1.073E+00, 0.5%, 1.454E-05, 0.4%, 1.775E+00, 0.3%, 3.234E-09, 4.3%, 1.196E+00, 3.1%
28, 2.116E-07, 0.6%, 1.029E+00, 0.5%, 1.442E-05, 0.4%, 1.778E+00, 0.3%, 3.043E-09, 4.5%, 1.210E+00, 3.2%, 2.004E-07, 0.6%, 1.077E+00, 0.5%, 1.442E-05, 0.4%, 1.778E+00, 0.3%, 3.043E-09, 4.5%, 1.210E+00, 3.2%
29, 2.100E-07, 0.6%, 1.027E+00, 0.5%, 1.431E-05, 0.4%, 1.780E+00, 0.3%, 2.916E-09, 4.5%, 1.151E+00, 3.2%, 1.989E-07, 0.6%, 1.075E+00, 0.5%, 1.430E-05, 0.4%, 1.781E+00, 0.3%, 2.916E-09, 4.5%, 1.151E+00, 3.2%
30, 2.074E-07, 0.6%, 1.033E+00, 0.5%, 1.419E-05, 0.4%, 1.783E+00, 0.3%, 2.830E-09, 4.7%, 1.228E+00, 3.3%, 1.965E-07, 0.6%, 1.081E+00, 0.5%, 1.419E-05, 0.4%, 1.784E+00, 0.3%, 2.830E-09, 4.7%, 1.228E+00, 3.3%
31, 2.074E-07, 0.6%, 1.042E+00, 0.5%, 1.408E-05, 0.4%, 1.786E+00, 0.3%, 2.670E-09, 4.8%, 1.225E+00, 3.3%, 1.964E-07, 0.6%, 1.090E+00, 0.5%, 1.407E-05, 0.4%, 1.787E+00, 0.3%, 2.670E-09, 4.8%, 1.225E+00, 3.3%
32, 2.054E-07, 0.6%, 1.035E+00, 0.5%, 1.397E-05, 0.4%, 1.789E+00, 0.3%, 2.846E-09, 4.6%, 1.146E+00, 3.0%, 1.946E-07, 0.6%, 1.082E+00, 0.5%, 1.396E-05, 0.4%, 1.790E+00, 0.3%, 2.846E-09, 4.6%, 1.146E+00, 3.0%
33, 2.065E-07, 0.6%, 1.033E+00, 0.5%, 1.385E-05, 0.4%, 1.792E+00, 0.3%, 2.822E-09, 4.7%, 1.179E+00, 3.2%, 1.957E-07, 0.6%, 1.081E+00, 0.5%, 1.385E-05, 0.4%, 1.792E+00, 0.3%, 2.822E-09, 4.7%, 1.179E+00, 3.2%
34, 2.045E-07, 0.6%, 1.036E+00, 0.5%, 1.374E-05, 0.4%, 1.795E+00, 0.3%, 2.932E-09, 4.6%, 1.270E+00, 3.4%, 1.935E-07, 0.6%, 1.085E+00, 0.5%, 1.374E-05, 0.4%, 1.795E+00, 0.3%, 2.932E-09, 4.6%, 1.270E+00, 3.4%
35, 2.034E-07, 0.6%, 1.037E+00, 0.5%, 1.363E-05, 0.4%, 1.797E+00, 0.3%, 2.898E-09, 4.7%, 1.256E+00, 3.2%, 1.928E-07, 0.6%, 1.086E+00, 0.5%, 1.363E-05, 0.4%, 1.798E+00, 0.3%, 2.893E-09, 4.7%, 1.257E+00, 3.2%
36, 2.019E-07, 0.6%, 1.037E+00, 0.5%, 1.352E-05, 0.4%, 1.800E+00, 0.3%, 2.866E-09, 4.6%, 1.186E+00, 3.3%, 1.912E-07, 0.6%, 1.086E+00, 0.5%, 1.352E-05, 0.4%, 1.801E+00, 0.3%, 2.866E-09, 4.6%, 1.186E+00, 3.3%
37, 1.991E-07, 0.6%, 1.045E+00, 0.5%, 1.341E-05, 0.4%, 1.802E+00, 0.3%, 2.818E-09, 4.7%, 1.152E+00, 3.3%, 1.885E-07, 0.6%, 1.094E+00, 0.5%, 1.341E-05, 0.4%, 1.803E+00, 0.3%, 2.818E-09, 4.7%, 1.152E+00, 3.3%
38, 1.972E-07, 0.6%, 1.039E+00, 0.5%, 1.330E-05, 0.4%, 1.805E+00, 0.3%, 2.633E-09, 4.8%, 1.204E+00, 3.3%, 1.868E-07, 0.6%, 1.088E+00, 0.5%, 1.330E-05, 0.4%, 1.805E+00, 0.3%, 2.633E-09, 4.8%, 1.204E+00, 3.3%
39, 1.970E-07, 0.6%, 1.046E+00, 0.5%, 1.320E-05, 0.4%, 1.807E+00, 0.3%, 2.785E-09, 4.7%, 1.216E+00, 3.2%, 1.867E-07, 0.6%, 1.094E+00, 0.5%, 1.319E-05, 0.4%, 1.808E+00, 0.3%, 2.785E-09, 4.7%, 1.216E+00, 3.2%
40, 1.970E-07, 0.6%, 1.046E+00, 0.5%, 1.309E-05, 0.4%, 1.810E+00, 0.3%, 2.863E-09, 4.7%, 1.233E+00, 3.3%, 1.864E-07, 0.6%, 1.096E+00, 0.5%, 1.309E-05, 0.4%, 1.811E+00, 0.3%, 2.863E-09, 4.7%, 1.233E+00, 3.3%
41, 1.971E-07, 0.6%, 1.039E+00, 0.5%, 1.299E-05, 0.4%, 1.813E+00, 0.3%, 2.831E-09, 4.6%, 1.229E+00, 3.2%, 1.866E-07, 0.6%, 1.088E+00, 0.5%, 1.298E-05, 0.4%, 1.813E+00, 0.3%, 2.831E-09, 4.6%, 1.229E+00, 3.2%
42, 1.935E-07, 0.6%, 1.039E+00, 0.5%, 1.288E-05, 0.4%, 1.816E+00, 0.3%, 2.806E-09, 4.7%, 1.241E+00, 3.2%, 1.835E-07, 0.6%, 1.087E+00, 0.5%, 1.288E-05, 0.4%, 1.816E+00, 0.3%, 2.806E-09, 4.7%, 1.241E+00, 3.2%
43, 1.906E-07, 0.6%, 1.041E+00, 0.5%, 1.278E-05, 0.4%, 1.818E+00, 0.3%, 2.603E-09, 4.9%, 1.215E+00, 3.2%, 1.807E-07, 0.6%, 1.090E+00, 0.5%, 1.277E-05, 0.4%, 1.819E+00, 0.3%, 2.603E-09, 4.9%, 1.215E+00, 3.2%
44, 1.913E-07, 0.6%, 1.050E+00, 0.5%, 1.267E-05, 0.4%, 1.821E+00, 0.3%, 2.695E-09, 4.7%, 1.234E+00, 3.2%, 1.814E-07, 0.6%, 1.098E+00, 0.5%, 1.267E-05, 0.4%, 1.822E+00, 0.3%, 2.695E-09, 4.7%, 1.234E+00, 3.2%
45, 1.896E-07, 0.6%, 1.047E+00, 0.5%, 1.257E-05, 0.4%, 1.824E+00, 0.3%, 2.523E-09, 4.8%, 1.182E+00, 3.4%, 1.794E-07, 0.6%, 1.097E+00, 0.5%, 1.256E-05, 0.4%, 1.824E+00, 0.3%, 2.523E-09, 4.8%, 1.182E+00, 3.4%
46, 1.868E-07, 0.6%, 1.054E+00, 0.5%, 1.247E-05, 0.4%, 1.827E+00, 0.3%, 2.715E-09, 4.7%, 1.182E+00, 3.3%, 1.769E-07, 0.6%, 1.103E+00, 0.5%, 1.247E-05, 0.4%, 1.827E+00, 0.3%, 2.715E-09, 4.7%, 1.182E+00, 3.3%
47, 1.863E-07, 0.6%, 1.044E+00, 0.5%, 1.237E-05, 0.4%, 1.829E+00, 0.3%, 2.640E-09, 4.8%, 1.221E+00, 3.3%, 1.767E-07, 0.6%, 1.092E+00, 0.5%, 1.237E-05, 0.4%, 1.830E+00, 0.3%, 2.640E-09, 4.8%, 1.221E+00, 3.3%
48, 1.856E-07, 0.6%, 1.046E+00, 0.5%, 1.227E-05, 0.4%, 1.832E+00, 0.3%, 2.542E-09, 4.9%, 1.138E+00, 3.5%, 1.755E-07, 0.6%, 1.097E+00, 0.5%, 1.227E-05, 0.4%, 1.833E+00, 0.3%, 2.542E-09, 4.9%, 1.138E+00, 3.5%
49, 1.845E-07, 0.6%, 1.068E+00, 0.5%, 1.217E-05, 0.4%, 1.835E+00, 0.3%, 2.476E-09, 5.0%, 1.241E+00, 3.3%, 1.746E-07, 0.6%, 1.118E+00, 0.5%, 1.217E-05, 0.4%, 1.836E+00, 0.3%, 2.476E-09, 5.0%, 1.241E+00, 3.3%
50, 1.806E-07, 0.6%, 1.066E+00, 0.5%, 1.206E-05, 0.4%, 1.839E+00, 0.3%, 2.558E-09, 4.8%, 1.185E+00, 3.3%, 1.708E-07, 0.6%, 1.117E+00, 0.5%, 1.206E-05, 0.4%, 1.840E+00, 0.3%, 2.558E-09, 4.8%, 1.185E+00, 3.3%
51, 1.777E-07, 0.6%, 1.061E+00, 0.5%, 1.195E-05, 0.4%, 1.845E+00, 0.3%, 2.620E-09, 4.8%, 1.150E+00, 3.1%, 1.682E-07, 0.6%, 1.111E+00, 0.5%, 1.194E-05, 0.4%, 1.845E+00, 0.3%, 2.620E-09, 4.8%, 1.150E+00, 3.1%
52, 1.477E-07, 0.6%, 1.131E+00, 0.5%, 1.178E-05, 0.4%, 1.855E+00, 0.3%, 1.960E-09, 4.6%, 1.258E+00, 2.8%, 1.403E-07, 0.6%, 1.181E+00, 0.5%, 1.178E-05, 0.4%, 1.855E+00, 0.3%, 1.960E-09, 4.6%, 1.258E+00, 2.8%
53, 1.197E-07, 0.7%, 1.170E+00, 0.6%, 1.163E-05, 0.4%, 1.861E+00, 0.3%, 1.540E-09, 5.5%, 1.328E+00, 3.2%, 1.142E-07, 0.7%, 1.219E+00, 0.6%, 1.163E-05, 0.4%, 1.861E+00, 0.3%, 1.540E-09, 5.5%, 1.328E+00, 3.2%
54, 1.064E-07, 0.7%, 1.166E+00, 0.6%, 1.151E-05, 0.4%, 1.864E+00, 0.3%, 1.333E-09, 5.9%, 1.368E+00, 3.8%, 1.013E-07, 0.7%, 1.216E+00, 0.6%, 1.151E-05, 0.4%, 1.864E+00, 0.3%, 1.333E-09, 5.9%, 1.368E+00, 3.8%
55, 9.772E-08, 0.7%, 1.152E+00, 0.7%, 1.142E-05, 0.4%, 1.866E+00, 0.3%, 1.224E-09, 6.2%, 1.331E+00, 3.9%, 9.300E-08, 0.7%, 1.202E+00, 0.7%, 1.142E-05, 0.4%, 1.866E+00, 0.3%, 1.224E-09, 6.2%, 1.331E+00, 3.9%
56, 9.368E-08, 0.7%, 1.139E+00, 0.7%, 1.132E-05, 0.4%, 1.869E+00, 0.3%, 1.126E-09, 6.5%, 1.403E+00, 4.6%, 8.942E-08, 0.8%, 1.186E+00, 0.7%, 1.132E-05, 0.4%, 1.869E+00, 0.3%, 1.126E-09, 6.5%, 1.403E+00, 4.6%
57, 8.984E-08, 0.8%, 1.132E+00, 0.7%, 1.124E-05, 0.4%, 1.870E+00, 0.3%, 1.188E-09, 6.3%, 1.439E+00, 4.0%, 8.566E-08, 0.8%, 1.179E+00, 0.7%, 1.124E-05, 0.4%, 1.870E+00, 0.3%, 1.188E-09, 6.3%, 1.439E+00, 4.0%
58, 8.870E-08, 0.8%, 1.129E+00, 0.7%, 1.115E-05, 0.5%, 1.871E+00, 0.3%, 1.188E-09, 6.4%, 1.386E+00, 4.3%, 8.447E-08, 0.8%, 1.178E+00, 0.7%, 1.115E-05, 0.5%, 1.871E+00, 0.3%, 1.188E-09, 6.4%, 1.386E+00, 4.3%
59, 8.850E-08, 0.8%, 1.125E+00, 0.7%, 1.108E-05, 0.5%, 1.873E+00, 0.3%, 1.200E-09, 6.4%, 1.479E+00, 3.9%, 8.446E-08, 0.8%, 1.171E+00, 0.7%, 1.108E-05, 0.5%, 1.873E+00, 0.3%, 1.200E-09, 6.4%, 1.479E+00, 3.9%
60, 8.631E-08, 0.8%, 1.124E+00, 0.7%, 1.101E-05, 0.5%, 1.875E+00, 0.3%, 1.137E-09, 6.6%, 1.394E+00, 3.9%, 8.222E-08, 0.8%, 1.172E+00, 0.7%, 1.101E-05, 0.5%, 1.875E+00, 0.3%, 1.137E-09, 6.6%, 1.394E+00, 3.9%
61, 8.696E-08, 0.8%, 1.117E+00, 0.7%, 1.093E-05, 0.5%, 1.876E+00, 0.3%, 1.221E-09, 6.5%, 1.414E+00, 3.8%, 8.293E-08, 0.8%, 1.164E+00, 0.7%, 1.093E-05, 0.5%, 1.876E+00, 0.3%, 1.221E-09, 6.5%, 1.414E+00, 3.8%
62, 8.415E-08, 0.8%, 1.136E+00, 0.7%, 1.085E-05, 0.5%, 1.878E+00, 0.3%, 1.201E-09, 6.3%, 1.490E+00, 3.9%, 8.040E-08, 0.8%, 1.181E+00, 0.7%, 1.085E-05, 0.5%, 1.878E+00, 0.3%, 1.201E-09, 6.3%, 1.490E+00, 3.9%
63, 8.450E-08, 0.8%, 1.128E+00, 0.7%, 1.077E-05, 0.5%, 1.879E+00, 0.3%, 1.028E-09, 6.7%, 1.376E+00, 4.1%, 8.058E-08, 0.8%, 1.174E+00, 0.7%, 1.077E-05, 0.5%, 1.879E+00, 0.3%, 1.028E-09, 6.7%, 1.376E+00, 4.1%
64, 8.363E-08, 0.8%, 1.133E+00, 0.7%, 1.069E-05, 0.5%, 1.881E+00, 0.3%, 1.049E-09, 6.6%, 1.276E+00, 4.1%, 7.993E-08, 0.8%, 1.178E+00, 0.7%, 1.069E-05, 0.5%, 1.881E+00, 0.3%, 1.049E-09, 6.6%, 1.276E+00, 4.1%
65, 8.349E-08, 0.8%, 1.131E+00, 0.7%, 1.062E-05, 0.5%, 1.883E+00, 0.3%, 9.844E-10, 7.1%, 1.557E+00, 4.0%, 7.957E-08, 0.8%, 1.179E+00, 0.7%, 1.062E-05, 0.5%, 1.883E+00, 0.3%, 9.844E-10, 7.1%, 1.557E+00, 4.0%
66, 8.464E-08, 0.8%, 1.147E+00, 0.7%, 1.054E-05, 0.5%, 1.884E+00, 0.3%, 1.106E-09, 6.6%, 1.397E+00, 4.1%, 8.067E-08, 0.8%, 1.195E+00, 0.7%, 1.054E-05, 0.5%, 1.885E+00, 0.3%, 1.106E-09, 6.6%, 1.397E+00, 4.1%
67, 8.317E-08, 0.8%, 1.141E+00, 0.7%, 1.046E-05, 0.5%, 1.886E+00, 0.3%, 1.046E-09, 6.6%, 1.398E+00, 4.4%, 7.942E-08, 0.8%, 1.188E+00, 0.7%, 1.046E-05, 0.5%, 1.886E+00, 0.3%, 1.046E-09, 6.6%, 1.398E+00, 4.4%
68, 8.165E-08, 0.8%, 1.128E+00, 0.8%, 1.039E-05, 0.5%, 1.888E+00, 0.3%, 1.060E-09, 6.4%, 1.351E+00, 4.3%, 7.791E-08, 0.8%, 1.175E+00, 0.7%, 1.039E-05, 0.5%, 1.888E+00, 0.3%, 1.060E-09, 6.4%, 1.351E+00, 4.3%
69, 8.085E-08, 0.8%, 1.118E+00, 0.7%, 1.032E-05, 0.5%, 1.888E+00, 0.3%, 9.860E-10, 6.8%, 1.428E+00, 4.2%, 7.700E-08, 0.8%, 1.167E+00, 0.7%, 1.032E-05, 0.5%, 1.888E+00, 0.3%, 9.860E-10, 6.8%, 1.428E+00, 4.2%
70, 8.141E-08, 0.8%, 1.115E+00, 0.7%, 1.025E-05, 0.5%, 1.889E+00, 0.3%, 1.000E-09, 6.7%, 1.350E+00, 4.3%, 7.755E-08, 0.8%, 1.163E+00, 0.7%, 1.025E-05, 0.5%, 1.889E+00, 0.3%, 1.000E-09, 6.7%, 1.350E+00, 4.3%
71, 7.993E-08, 0.8%, 1.132E+00, 0.7%, 1.018E-05, 0.5%, 1.890E+00, 0.3%, 1.041E-09, 6.6%, 1.333E+00, 4.4%, 7.624E-08, 0.8%, 1.180E+00, 0.7%, 1.018E-05, 0.5%, 1.890E+00, 0.3%, 1.041E-09, 6.6%, 1.333E+00, 4.4%
72, 8.094E-08, 0.8%, 1.142E+00, 0.8%, 1.010E-05, 0.5%, 1.891E+00, 0.3%, 1.207E-09, 6.5%, 1.416E+00, 4.1%, 7.730E-08, 0.8%, 1.189E+00, 0.7%, 1.010E-05, 0.5%, 1.891E+00, 0.3%, 1.207E-09, 6.5%, 1.416E+00, 4.1%
73, 8.056E-08, 0.8%, 1.137E+00, 0.8%, 1.003E-05, 0.5%, 1.893E+00, 0.3%, 1.109E-09, 6.4%, 1.459E+00, 4.3%, 7.692E-08, 0.8%, 1.183E+00, 0.7%, 1.003E-05, 0.5%, 1.893E+00, 0.3%, 1.109E-09, 6.4%, 1.459E+00, 4.3%
74, 7.858E-08, 0.8%, 1.134E+00, 0.8%, 9.961E-06, 0.5%, 1.893E+00, 0.3%, 1.206E-09, 6.5%, 1.501E+00, 4.5%, 7.491E-08, 0.8%, 1.183E+00, 0.8%, 9.960E-06, 0.5%, 1.893E+00, 0.3%, 1.206E-09, 6.5%, 1.501E+00, 4.5%
75, 7.844E-08, 0.8%, 1.125E+00, 0.8%, 9.900E-06, 0.5%, 1.893E+00, 0.3%, 1.085E-09, 6.6%, 1.365E+00, 4.5%, 7.480E-08, 0.8%, 1.173E+00, 0.8%, 9.898E-06, 0.5%, 1.893E+00, 0.3%, 1.085E-09, 6.6%, 1.365E+00, 4.5%
76, 7.889E-08, 0.8%, 1.123E+00, 0.8%, 9.845E-06, 0.5%, 1.891E+00, 0.3%, 1.019E-09, 6.6%, 1.259E+00, 4.6%, 7.504E-08, 0.8%, 1.172E+00, 0.8%, 9.843E-06, 0.5%, 1.892E+00, 0.3%, 1.019E-09, 6.6%, 1.259E+00, 4.6%
77, 9.951E-08, 0.9%, 1.056E+00, 0.8%, 9.823E-06, 0.5%, 1.886E+00, 0.3%, 1.297E-09, 6.9%, 1.201E+00, 4.9%, 9.472E-08, 0.9%, 1.102E+00, 0.8%, 9.821E-06, 0.5%, 1.887E+00, 0.3%, 1.297E-09, 6.9%, 1.201E+00, 4.9%
78, 1.182E-07, 0.8%, 1.043E+00, 0.7%, 9.786E-06, 0.5%, 1.884E+00, 0.3%, 1.567E-09, 6.3%, 1.267E+00, 3.7%, 1.120E-07, 0.8%, 1.091E+00, 0.7%, 9.783E-06, 0.5%, 1.884E+00, 0.3%, 1.567E-09, 6.3%, 1.267E+00, 3.7%
79, 1.316E-07, 0.7%, 1.039E+00, 0.7%, 9.742E-06, 0.5%, 1.883E+00, 0.3%, 1.977E-09, 5.6%, 1.180E+00, 3.8%, 1.247E-07, 0.7%, 1.088E+00, 0.7%, 9.739E-06, 0.5%, 1.884E+00, 0.3%, 1.977E-09, 5.6%, 1.180E+00, 3.8%
80, 1.391E-07, 1.2%, 1.047E+00, 1.1%, 9.682E-06, 0.5%, 1.884E+00, 0.3%, 2.206E-09, 5.3%, 1.262E+00, 3.4%, 1.319E-07, 1.1%, 1.096E+00, 1.0%, 9.679E-06, 0.5%, 1.884E+00, 0.3%, 2.206E-09, 5.3%, 1.262E+00, 3.4%
81, 1.413E-07, 0.7%, 1.054E+00, 0.6%, 9.615E-06, 0.5%, 1.885E+00, 0.3%, 2.111E-09, 5.5%, 1.257E+00, 3.6%, 1.340E-07, 0.7%, 1.102E+00, 0.6%, 9.612E-06, 0.5%, 1.886E+00, 0.3%, 2.111E-09, 5.5%, 1.257E+00, 3.6%
82, 1.445E-07, 0.6%, 1.058E+00, 0.5%, 9.518E-06, 0.5%, 1.888E+00, 0.3%, 2.049E-09, 4.3%, 1.225E+00, 2.9%, 1.366E-07, 0.6%, 1.109E+00, 0.5%, 9.515E-06, 0.5%, 1.889E+00, 0.3%, 2.049E-09, 4.3%, 1.225E+00, 2.9%
83, 1.455E-07, 0.6%, 1.075E+00, 0.5%, 9.383E-06, 0.5%, 1.893E+00, 0.3%, 2.180E-09, 4.3%, 1.209E+00, 3.0%, 1.377E-07, 0.6%, 1.127E+00, 0.5%, 9.380E-06, 0.5%, 1.893E+00, 0.3%, 2.180E-09, 4.3%, 1.209E+00, 3.0%
84, 1.448E-07, 0.6%, 1.077E+00, 0.5%, 9.250E-06, 0.5%, 1.896E+00, 0.3%, 2.171E-09, 4.2%, 1.215E+00, 2.9%, 1.371E-07, 0.6%, 1.127E+00, 0.5%, 9.247E-06, 0.5%, 1.897E+00, 0.3%, 2.171E-09, 4.2%, 1.215E+00, 2.9%
85, 1.453E-07, 0.6%, 1.077E+00, 0.5%, 9.115E-06, 0.5%, 1.901E+00, 0.3%, 2.155E-09, 4.2%, 1.194E+00, 2.9%, 1.373E-07, 0.6%, 1.129E+00, 0.5%, 9.112E-06, 0.5%, 1.902E+00, 0.3%, 2.155E-09, 4.2%, 1.194E+00, 2.9%
86, 1.431E-07, 0.6%, 1.075E+00, 0.5%, 8.988E-06, 0.5%, 1.906E+00, 0.3%, 1.992E-09, 4.4%, 1.240E+00, 2.9%, 1.354E-07, 0.6%, 1.126E+00, 0.5%, 8.985E-06, 0.5%, 1.907E+00, 0.3%, 1.992E-09, 4.4%, 1.240E+00, 2.9%
87, 1.429E-07, 0.6%, 1.076E+00, 0.5%, 8.850E-06, 0.5%, 1.911E+00, 0.3%, 1.995E-09, 4.3%, 1.220E+00, 3.1%, 1.353E-07, 0.6%, 1.127E+00, 0.5%, 8.846E-06, 0.5%, 1.912E+00, 0.3%, 1.995E-09, 4.3%, 1.220E+00, 3.1%
88, 1.401E-07, 0.6%, 1.077E+00, 0.5%, 8.715E-06, 0.5%, 1.916E+00, 0.3%, 2.086E-09, 4.3%, 1.270E+00, 2.7%, 1.325E-07, 0.6%, 1.129E+00, 0.5%, 8.712E-06, 0.5%, 1.916E+00, 0.3%, 2.086E-09, 4.3%, 1.270E+00, 2.7%
89, 1.378E-07, 0.6%, 1.081E+00, 0.5%, 8.574E-06, 0.5%, 1.922E+00, 0.3%, 1.951E-09, 4.5%, 1.284E+00, 2.8%, 1.304E-07, 0.6%, 1.132E+00, 0.5%, 8.571E-06, 0.5%, 1.922E+00, 0.3%, 1.951E-09, 4.5%, 1.284E+00, 2.8%
90, 1.359E-07, 0.6%, 1.076E+00, 0.5%, 8.442E-06, 0.5%, 1.927E+00, 0.3%, 2.122E-09, 4.3%, 1.256E+00, 2.8%, 1.285E-07, 0.6%, 1.128E+00, 0.5%, 8.438E-06, 0.5%, 1.927E+00, 0.3%, 2.122E-09, 4.3%, 1.256E+00, 2.8%
91, 1.355E-07, 0.6%, 1.091E+00, 0.5%, 8.311E-06, 0.5%, 1.932E+00, 0.3%, 2.075E-09, 4.3%, 1.179E+00, 2.9%, 1.281E-07, 0.6%, 1.144E+00, 0.5%, 8.308E-06, 0.5%, 1.933E+00, 0.3%, 2.075E-09, 4.3%, 1.179E+00, 2.9%
92, 1.336E-07, 0.6%, 1.096E+00, 0.5%, 8.181E-06, 0.5%, 1.938E+00, 0.3%, 1.996E-09, 4.4%, 1.238E+00, 3.2%, 1.266E-07, 0.6%, 1.147E+00, 0.5%, 8.177E-06, 0.5%, 1.939E+00, 0.3%, 1.996E-09, 4.4%, 1.238E+00, 3.2%
93, 1.310E-07, 0.6%, 1.101E+00, 0.5%, 8.051E-06, 0.5%, 1.943E+00, 0.3%, 1.956E-09, 4.3%, 1.258E+00, 2.9%, 1.240E-07, 0.6%, 1.154E+00, 0.5%, 8.047E-06, 0.5%, 1.944E+00, 0.3%, 1.956E-09, 4.3%, 1.258E+00, 2.9%
94, 1.287E-07, 0.6%, 1.091E+00, 0.5%, 7.931E-06, 0.5%, 1.948E+00, 0.3%, 1.847E-09, 4.6%, 1.188E+00, 3.3%, 1.219E-07, 0.6%, 1.142E+00, 0.5%, 7.924E-06, 0.5%, 1.949E+00, 0.3%, 1.847E-09, 4.6%, 1.188E+00, 3.3%
95, 1.283E-07, 0.6%, 1.094E+00, 0.5%, 7.813E-06, 0.5%, 1.953E+00, 0.3%, 1.936E-09, 4.5%, 1.212E+00, 3.3%, 1.214E-07, 0.6%, 1.145E+00, 0.5%, 7.809E-06, 0.5%, 1.954E+00, 0.3%, 1.936E-09, 4.5%, 1.212E+00, 3.3%
96, 1.271E-07, 0.6%, 1.095E+00, 0.5%, 7.694E-06, 0.5%, 1.958E+00, 0.3%, 2.081E-09, 4.3%, 1.269E+00, 3.2%, 1.202E-07, 0.6%, 1.148E+00, 0.5%, 7.690E-06, 0.5%, 1.959E+00, 0.3%, 2.081E-09, 4.3%, 1.269E+00, 3.2%
97, 1.248E-07, 0.6%, 1.095E+00, 0.5%, 7.576E-06, 0.5%, 1.963E+00, 0.3%, 1.984E-09, 4.4%, 1.189E+00, 3.0%, 1.181E-07, 0.6%, 1.147E+00, 0.5%, 7.573E-06, 0.5%, 1.963E+00, 0.3%, 1.984E-09, 4.4%, 1.189E+00, 3.0%
98, 1.229E-07, 0.6%, 1.097E+00, 0.5%, 7.458E-06, 0.5%, 1.968E+00, 0.3%, 1.963E-09, 4.5%, 1.158E+00, 3.0%, 1.162E-07, 0.6%, 1.150E+00, 0.5%, 7.455E-06, 0.5%, 1.969E+00, 0.3%, 1.963E-09, 4.5%, 1.158E+00, 3.0%
99, 1.218E-07, 0.6%, 1.103E+00, 0.5%, 7.342E-06, 0.5%, 1.973E+00, 0.3%, 1.873E-09, 4.4%, 1.236E+00, 3.2%, 1.150E-07, 0.6%, 1.157E+00, 0.5%, 7.338E-06, 0.5%, 1.974E+00, 0.3%, 1.873E-09, 4.4%, 1.236E+00, 3.2%
100, 1.205E-07, 0.6%, 1.102E+00, 0.5%, 7.232E-06, 0.5%, 1.979E+00, 0.3%, 1.743E-09, 4.7%, 1.160E+00, 3.3%, 1.140E-07, 0.6%, 1.155E+00, 0.5%, 7.228E-06, 0.5%, 1.980E+00, 0.3%, 1.743E-09, 4.7%, 1.160E+00, 3.3%
101, 1.191E-07, 0.6%, 1.110E+00, 0.5%, 7.121E-06, 0.5%, 1.984E+00, 0.3%, 1.864E-09, 4.5%, 1.239E+00, 3.0%, 1.127E-07, 0.6%, 1.163E+00, 0.5%, 7.118E-06, 0.5%, 1.985E+00, 0.3%, 1.864E-09, 4.5%, 1.239E+00, 3.0%
102, 1.175E-07, 0.6%, 1.106E+00, 0.6%, 7.012E-06, 0.5%, 1.989E+00, 0.3%, 1.822E-09, 4.6%, 1.239E+00, 2.9%, 1.113E-07, 0.6%, 1.157E+00, 0.6%, 7.008E-06, 0.5%, 1.989E+00, 0.3%, 1.822E-09, 4.6%, 1.239E+00, 2.9%
103, 1.162E-07, 0.6%, 1.109E+00, 0.6%, 6.907E-06, 0.5%, 1.994E+00, 0.3%, 1.851E-09, 4.5%, 1.147E+00, 3.1%, 1.098E-07, 0.6%, 1.162E+00, 0.5%, 6.904E-06, 0.5%, 1.995E+00, 0.3%, 1.851E-09, 4.5%, 1.147E+00, 3.1%
104, 1.153E-07, 0.6%, 1.098E+00, 0.6%, 6.809E-06, 0.5%, 1.998E+00, 0.3%, 1.836E-09, 4.8%, 1.193E+00, 3.5%, 1.089E-07, 0.6%, 1.152E+00, 0.6%, 6.806E-06, 0.5%, 1.999E+00, 0.3%, 1.836E-09, 4.8%, 1.193E+00, 3.5%
105, 1.133E-07, 0.6%, 1.107E+00, 0.6%, 6.708E-06, 0.5%, 2.003E+00, 0.3%, 1.741E-09, 4.8%, 1.201E+00, 3.1%, 1.074E-07, 0.6%, 1.158E+00, 0.6%, 6.705E-06, 0.5%, 2.004E+00, 0.3%, 1.741E-09, 4.8%, 1.201E+00, 3.1%
106, 1.108E-07, 0.6%, 1.108E+00, 0.6%, 6.610E-06, 0.5%, 2.008E+00, 0.3%, 1.794E-09, 4.5%, 1.290E+00, 3.2%, 1.048E-07, 0.6%, 1.161E+00, 0.6%, 6.607E-06, 0.5%, 2.009E+00, 0.3%, 1.794E-09, 4.5%, 1.290E+00, 3.2%
107, 1.099E-07, 0.6%, 1.110E+00, 0.5%, 6.507E-06, 0.5%, 2.013E+00, 0.3%, 1.674E-09, 4.2%, 1.238E+00, 3.0%, 1.039E-07, 0.6%, 1.164E+00, 0.5%, 6.504E-06, 0.5%, 2.014E+00, 0.3%, 1.674E-09, 4.2%, 1.238E+00, 3.0%
108, 1.076E-07, 0.6%, 1.111E+00, 0.5%, 6.386E-06, 0.5%, 2.019E+00, 0.3%, 1.805E-09, 4.3%, 1.176E+00, 2.9%, 1.015E-07, 0.6%, 1.166E+00, 0.5%, 6.382E-06, 0.5%, 2.020E+00, 0.3%, 1.805E-09, 4.3%, 1.176E+00, 2.9%
109, 1.067E-07, 0.6%, 1.122E+00, 0.5%, 6.259E-06, 0.5%, 2.027E+00, 0.3%, 1.722E-09, 4.5%, 1.218E+00, 3.0%, 1.008E-07, 0.6%, 1.177E+00, 0.5%, 6.256E-06, 0.5%, 2.027E+00, 0.3%, 1.722E-09, 4.5%, 1.218E+00, 3.0%
110, 1.045E-07, 0.6%, 1.122E+00, 0.5%, 6.140E-06, 0.5%, 2.033E+00, 0.3%, 1.637E-09, 4.5%, 1.123E+00, 3.2%, 9.888E-08, 0.6%, 1.176E+00, 0.5%, 6.137E-06, 0.5%, 2.034E+00, 0.3%, 1.637E-09, 4.5%, 1.123E+00, 3.2%
111, 1.032E-07, 0.6%, 1.119E+00, 0.5%, 6.032E-06, 0.5%, 2.040E+00, 0.3%, 1.760E-09, 4.3%, 1.162E+00, 3.0%, 9.761E-08, 0.6%, 1.173E+00, 0.5%, 6.029E-06, 0.5%, 2.041E+00, 0.3%, 1.760E-09, 4.3%, 1.162E+00, 3.0%
112, 1.004E-07, 0.6%, 1.116E+00, 0.5%, 5.921E-06, 0.5%, 2.047E+00, 0.3%, 1.646E-09, 4.5%, 1.232E+00, 3.4%, 9.470E-08, 0.6%, 1.172E+00, 0.5%, 5.918E-06, 0.5%, 2.048E+00, 0.3%, 1.646E-09, 4.5%, 1.232E+00, 3.4%
113, 9.936E-08, 0.6%, 1.111E+00, 0.5%, 5.814E-06, 0.5%, 2.053E+00, 0.3%, 1.511E-09, 4.7%, 1.270E+00, 3.2%, 9.383E-08, 0.6%, 1.165E+00, 0.5%, 5.811E-06, 0.5%, 2.054E+00, 0.3%, 1.511E-09, 4.7%, 1.270E+00, 3.2%
114, 9.780E-08, 0.6%, 1.119E+00, 0.5%, 5.708E-06, 0.5%, 2.060E+00, 0.3%, 1.690E-09, 4.4%, 1.234E+00, 2.8%, 9.251E-08, 0.6%, 1.173E+00, 0.5%, 5.705E-06, 0.5%, 2.061E+00, 0.3%, 1.690E-09, 4.4%, 1.234E+00, 2.8%
115, 9.645E-08, 0.6%, 1.130E+00, 0.6%, 5.607E-06, 0.5%, 2.066E+00, 0.3%, 1.672E-09, 4.4%, 1.181E+00, 3.0%, 9.125E-08, 0.6%, 1.184E+00, 0.6%, 5.604E-06, 0.5%, 2.067E+00, 0.3%, 1.672E-09, 4.4%, 1.181E+00, 3.0%
116, 9.623E-08, 0.6%, 1.129E+00, 0.6%, 5.503E-06, 0.5%, 2.073E+00, 0.3%, 1.479E-09, 4.6%, 1.190E+00, 3.3%, 9.098E-08, 0.6%, 1.184E+00, 0.6%, 5.500E-06, 0.5%, 2.073E+00, 0.3%, 1.479E-09, 4.6%, 1.190E+00, 3.3%
117, 9.342E-08, 0.6%, 1.131E+00, 0.6%, 5.408E-06, 0.5%, 2.078E+00, 0.3%, 1.496E-09, 4.5%, 1.169E+00, 3.2%, 8.833E-08, 0.6%, 1.186E+00, 0.6%, 5.406E-06, 0.5%, 2.079E+00, 0.3%, 1.496E-09, 4.5%, 1.169E+00, 3.2%
118, 9.277E-08, 0.6%, 1.127E+00, 0.6%, 5.307E-06, 0.5%, 2.086E+00, 0.3%, 1.523E-09, 4.6%, 1.170E+00, 3.1%, 8.755E-08, 0.7%, 1.183E+00, 0.6%, 5.304E-06, 0.5%, 2.087E+00, 0.3%, 1.523E-09, 4.6%, 1.170E+00, 3.1%
119, 9.067E-08, 0.7%, 1.147E+00, 0.6%, 5.212E-06, 0.5%, 2.092E+00, 0.3%, 1.527E-09, 4.6%, 1.214E+00, 3.2%, 8.563E-08, 0.7%, 1.204E+00, 0.6%, 5.209E-06, 0.5%, 2.093E+00, 0.3%, 1.527E-09, 4.6%, 1.214E+00, 3.2%
120, 8.960E-08, 0.7%, 1.129E+00, 0.6%, 5.117E-06, 0.5%, 2.097E+00, 0.3%, 1.448E-09, 4.7%, 1.143E+00, 3.4%, 8.455E-08, 0.7%, 1.186E+00, 0.6%, 5.114E-06, 0.5%, 2.098E+00, 0.3%, 1.448E-09, 4.7%, 1.143E+00, 3.4%
121, 8.769E-08, 0.7%, 1.143E+00, 0.6%, 5.022E-06, 0.5%, 2.105E+00, 0.3%, 1.318E-09, 4.9%, 1.162E+00, 3.3%, 8.270E-08, 0.7%, 1.201E+00, 0.6%, 5.019E-06, 0.5%, 2.106E+00, 0.3%, 1.318E-09, 4.9%, 1.162E+00, 3.3%
122, 8.654E-08, 0.7%, 1.149E+00, 0.6%, 4.930E-06, 0.5%, 2.111E+00, 0.3%, 1.462E-09, 4.5%, 1.165E+00, 3.0%, 8.176E-08, 0.7%, 1.205E+00, 0.6%, 4.927E-06, 0.5%, 2.112E+00, 0.3%, 1.462E-09, 4.5%, 1.165E+00, 3.0%
123, 8.571E-08, 0.7%, 1.146E+00, 0.6%, 4.840E-06, 0.5%, 2.118E+00, 0.3%, 1.436E-09, 4.7%, 1.259E+00, 3.2%, 8.105E-08, 0.7%, 1.201E+00, 0.6%, 4.837E-06, 0.5%, 2.119E+00, 0.3%, 1.436E-09, 4.7%, 1.259E+00, 3.2%
124, 8.496E-08, 0.7%, 1.138E+00, 0.6%, 4.752E-06, 0.5%, 2.124E+00, 0.3%, 1.314E-09, 5.1%, 1.142E+00, 3.8%, 8.041E-08, 0.7%, 1.192E+00, 0.6%, 4.750E-06, 0.5%, 2.125E+00, 0.3%, 1.314E-09, 5.1%, 1.142E+00, 3.8%
125, 8.322E-08, 0.7%, 1.154E+00, 0.6%, 4.669E-06, 0.5%, 2.129E+00, 0.3%, 1.416E-09, 4.8%, 1.197E+00, 3.4%, 7.876E-08, 0.7%, 1.210E+00, 0.6%, 4.667E-06, 0.5%, 2.130E+00, 0.3%, 1.416E-09, 4.8%, 1.197E+00, 3.4%
126, 8.187E-08, 0.7%, 1.158E+00, 0.6%, 4.586E-06, 0.5%, 2.135E+00, 0.4%, 1.387E-09, 4.6%, 1.134E+00, 3.4%, 7.729E-08, 0.7%, 1.216E+00, 0.6%, 4.584E-06, 0.5%, 2.136E+00, 0.4%, 1.387E-09, 4.6%, 1.134E+00, 3.4%
127, 8.089E-08, 0.7%, 1.168E+00, 0.6%, 4.498E-06, 0.5%, 2.142E+00, 0.3%, 1.344E-09, 4.9%, 1.245E+00, 3.4%, 7.641E-08, 0.7%, 1.226E+00, 0.6%, 4.495E-06, 0.5%, 2.143E+00, 0.3%, 1.344E-09, 4.9%, 1.245E+00, 3.4%
128, 7.888E-08, 0.7%, 1.164E+00, 0.6%, 4.417E-06, 0.5%, 2.149E+00, 0.3%, 1.323E-09, 4.9%, 1.199E+00, 3.7%, 7.451E-08, 0.7%, 1.221E+00, 0.6%, 4.414E-06, 0.5%, 2.149E+00, 0.3%, 1.323E-09, 4.9%, 1.199E+00, 3.7%
129, 7.834E-08, 0.7%, 1.164E+00, 0.6%, 4.337E-06, 0.5%, 2.155E+00, 0.3%, 1.245E-09, 5.1%, 1.219E+00, 3.6%, 7.394E-08, 0.7%, 1.222E+00, 0.6%, 4.335E-06, 0.5%, 2.156E+00, 0.3%, 1.245E-09, 5.1%, 1.219E+00, 3.6%
130, 7.626E-08, 0.7%, 1.160E+00, 0.6%, 4.264E-06, 0.5%, 2.160E+00, 0.4%, 1.373E-09, 4.9%, 1.220E+00, 3.2%, 7.190E-08, 0.7%, 1.218E+00, 0.6%, 4.261E-06, 0.5%, 2.161E+00, 0.4%, 1.373E-09, 4.9%, 1.220E+00, 3.2%
131, 7.590E-08, 0.7%, 1.164E+00, 0.6%, 4.185E-06, 0.5%, 2.168E+00, 0.3%, 1.353E-09, 4.9%, 1.166E+00, 3.0%, 7.159E-08, 0.7%, 1.223E+00, 0.6%, 4.182E-06, 0.5%, 2.169E+00, 0.3%, 1.353E-09, 4.9%, 1.166E+00, 3.0%
132, 7.472E-08, 0.7%, 1.164E+00, 0.6%, 4.112E-06, 0.5%, 2.174E+00, 0.4%, 1.362E-09, 4.9%, 1.174E+00, 2.9%, 7.049E-08, 0.7%, 1.222E+00, 0.6%, 4.110E-06, 0.5%, 2.175E+00, 0.4%, 1.362E-09, 4.9%, 1.174E+00, 2.9%
133, 7.334E-08, 0.7%, 1.159E+00, 0.6%, 4.041E-06, 0.5%, 2.180E+00, 0.4%, 1.259E-09, 5.1%, 1.164E+00, 3.3%, 6.914E-08, 0.7%, 1.219E+00, 0.6%, 4.038E-06, 0.5%, 2.181E+00, 0.4%, 1.259E-09, 5.1%, 1.164E+00, 3.3%
134, 7.367E-08, 0.7%, 1.164E+00, 0.6%, 3.967E-06, 0.6%, 2.186E+00, 0.4%, 1.324E-09, 5.0%, 1.190E+00, 3.6%, 6.952E-08, 0.7%, 1.223E+00, 0.6%, 3.965E-06, 0.6%, 2.187E+00, 0.4%, 1.324E-09, 5.0%, 1.190E+00, 3.6%
135, 7.081E-08, 0.7%, 1.166E+00, 0.6%, 3.895E-06, 0.6%, 2.191E+00, 0.4%, 1.184E-09, 5.0%, 1.099E+00, 3.5%, 6.666E-08, 0.7%, 1.227E+00, 0.6%, 3.893E-06, 0.6%, 2.192E+00, 0.4%, 1.184E-09, 5.0%, 1.099E+00, 3.5%
136, 7.009E-08, 0.7%, 1.168E+00, 0.6%, 3.825E-06, 0.6%, 2.197E+00, 0.4%, 1.157E-09, 5.1%, 1.170E+00, 4.0%, 6.611E-08, 0.7%, 1.227E+00, 0.6%, 3.822E-06, 0.6%, 2.198E+00, 0.4%, 1.157E-09, 5.1%, 1.170E+00, 4.0%
137, 6.899E-08, 0.7%, 1.169E+00, 0.6%, 3.758E-06, 0.6%, 2.202E+00, 0.4%, 1.252E-09, 5.1%, 1.191E+00, 3.7%, 6.508E-08, 0.8%, 1.228E+00, 0.6%, 3.756E-06, 0.6%, 2.204E+00, 0.4%, 1.252E-09, 5.1%, 1.191E+00, 3.7%
138, 6.739E-08, 0.8%, 1.168E+00, 0.6%, 3.690E-06, 0.6%, 2.210E+00, 0.4%, 1.190E-09, 5.1%, 1.133E+00, 3.5%, 6.361E-08, 0.8%, 1.227E+00, 0.6%, 3.687E-06, 0.6%, 2.211E+00, 0.4%, 1.190E-09, 5.1%, 1.133E+00, 3.5%
139, 6.753E-08, 0.7%, 1.168E+00, 0.6%, 3.629E-06, 0.6%, 2.216E+00, 0.4%, 1.197E-09, 5.1%, 1.218E+00, 3.9%, 6.364E-08, 0.8%, 1.227E+00, 0.6%, 3.626E-06, 0.6%, 2.217E+00, 0.4%, 1.197E-09, 5.1%, 1.218E+00, 3.9%
140, 6.645E-08, 0.8%, 1.175E+00, 0.6%, 3.564E-06, 0.6%, 2.223E+00, 0.4%, 1.206E-09, 5.2%, 1.174E+00, 3.9%, 6.275E-08, 0.8%, 1.234E+00, 0.6%, 3.562E-06, 0.6%, 2.224E+00, 0.4%, 1.206E-09, 5.2%, 1.174E+00, 3.9%
141, 6.563E-08, 0.8%, 1.170E+00, 0.7%, 3.503E-06, 0.6%, 2.231E+00, 0.4%, 1.201E-09, 5.3%, 1.253E+00, 3.6%, 6.184E-08, 0.8%, 1.231E+00, 0.7%, 3.501E-06, 0.6%, 2.232E+00, 0.4%, 1.201E-09, 5.3%, 1.253E+00, 3.6%
142, 6.414E-08, 0.8%, 1.172E+00, 0.6%, 3.446E-06, 0.6%, 2.236E+00, 0.4%, 1.007E-09, 5.5%, 1.137E+00, 4.0%, 6.056E-08, 0.8%, 1.231E+00, 0.6%, 3.443E-06, 0.6%, 2.237E+00, 0.4%, 1.007E-09, 5.5%, 1.137E+00, 4.0%
143, 6.188E-08, 0.8%, 1.174E+00, 0.7%, 3.384E-06, 0.6%, 2.242E+00, 0.4%, 1.067E-09, 5.4%, 1.308E+00, 3.6%, 5.842E-08, 0.8%, 1.233E+00, 0.7%, 3.381E-06, 0.6%, 2.243E+00, 0.4%, 1.067E-09, 5.4%, 1.308E+00, 3.6%
144, 6.168E-08, 0.8%, 1.177E+00, 0.7%, 3.327E-06, 0.6%, 2.247E+00, 0.4%, 1.205E-09, 5.4%, 1.273E+00, 3.5%, 5.815E-08, 0.8%, 1.237E+00, 0.7%, 3.325E-06, 0.6%, 2.248E+00, 0.4%, 1.205E-09, 5.4%, 1.273E+00, 3.5%
145, 6.112E-08, 0.8%, 1.182E+00, 0.7%, 3.269E-06, 0.6%, 2.254E+00, 0.4%, 1.146E-09, 5.5%, 1.249E+00, 3.6%, 5.775E-08, 0.8%, 1.241E+00, 0.7%, 3.267E-06, 0.6%, 2.255E+00, 0.4%, 1.146E-09, 5.5%, 1.249E+00, 3.6%
146, 6.011E-08, 0.8%, 1.181E+00, 0.7%, 3.216E-06, 0.6%, 2.260E+00, 0.4%, 1.039E-09, 5.5%, 1.160E+00, 3.8%, 5.667E-08, 0.8%, 1.241E+00, 0.7%, 3.214E-06, 0.6%, 2.261E+00, 0.4%, 1.039E-09, 5.5%, 1.160E+00, 3.8%
147, 5.913E-08, 0.8%, 1.201E+00, 0.7%, 3.161E-06, 0.6%, 2.267E+00, 0.4%, 1.109E-09, 5.6%, 1.203E+00, 3.8%, 5.580E-08, 0.8%, 1.261E+00, 0.7%, 3.159E-06, 0.6%, 2.268E+00, 0.4%, 1.109E-09, 5.6%, 1.203E+00, 3.8%
148, 5.774E-08, 0.8%, 1.170E+00, 0.7%, 3.106E-06, 0.6%, 2.274E+00, 0.4%, 1.108E-09, 5.4%, 1.273E+00, 3.9%, 5.446E-08, 0.8%, 1.229E+00, 0.7%, 3.104E-06, 0.6%, 2.275E+00, 0.4%, 1.108E-09, 5.4%, 1.273E+00, 3.9%
149, 5.745E-08, 0.8%, 1.193E+00, 0.7%, 3.054E-06, 0.6%, 2.279E+00, 0.4%, 1.036E-09, 5.5%, 1.194E+00, 4.0%, 5.412E-08, 0.8%, 1.254E+00, 0.7%, 3.052E-06, 0.6%, 2.281E+00, 0.4%, 1.036E-09, 5.5%, 1.194E+00, 4.0%
150, 5.693E-08, 0.8%, 1.192E+00, 0.7%, 3.001E-06, 0.6%, 2.285E+00, 0.4%, 1.131E-09, 5.3%, 1.249E+00, 3.4%, 5.368E-08, 0.8%, 1.253E+00, 0.7%, 3.000E-06, 0.6%, 2.286E+00, 0.4%, 1.131E-09, 5.3%, 1.249E+00, 3.4%
151, 5.581E-08, 0.8%, 1.201E+00, 0.7%, 2.952E-06, 0.6%, 2.290E+00, 0.4%, 9.873E-10, 5.8%, 1.202E+00, 4.3%, 5.261E-08, 0.8%, 1.262E+00, 0.7%, 2.950E-06, 0.6%, 2.292E+00, 0.4%, 9.873E-10, 5.8%, 1.202E+00, 4.3%
152, 5.545E-08, 0.8%, 1.185E+00, 0.7%, 2.903E-06, 0.6%, 2.295E+00, 0.4%, 9.383E-10, 5.8%, 1.242E+00, 3.6%, 5.227E-08, 0.8%, 1.246E+00, 0.7%, 2.901E-06, 0.6%, 2.296E+00, 0.4%, 9.383E-10, 5.8%, 1.242E+00, 3.6%
153, 5.419E-08, 0.8%, 1.202E+00, 0.7%, 2.855E-06, 0.6%, 2.299E+00, 0.4%, 1.007E-09, 5.8%, 1.212E+00, 3.6%, 5.111E-08, 0.8%, 1.264E+00, 0.7%, 2.851E-06, 0.6%, 2.302E+00, 0.4%, 1.007E-09, 5.8%, 1.212E+00, 3.6%
154, 5.392E-08, 0.8%, 1.199E+00, 0.7%, 2.801E-06, 0.6%, 2.306E+00, 0.4%, 9.863E-10, 5.6%, 1.130E+00, 3.7%, 5.090E-08, 0.8%, 1.259E+00, 0.7%, 2.799E-06, 0.6%, 2.308E+00, 0.4%, 9.863E-10, 5.6%, 1.130E+00, 3.7%
155, 5.345E-08, 0.8%, 1.205E+00, 0.7%, 2.757E-06, 0.6%, 2.311E+00, 0.4%, 9.996E-10, 5.6%, 1.264E+00, 3.6%, 5.038E-08, 0.9%, 1.266E+00, 0.7%, 2.755E-06, 0.6%, 2.312E+00, 0.4%, 9.996E-10, 5.6%, 1.264E+00, 3.6%
156, 5.225E-08, 0.8%, 1.201E+00, 0.7%, 2.708E-06, 0.6%, 2.318E+00, 0.4%, 1.015E-09, 5.6%, 1.242E+00, 3.7%, 4.925E-08, 0.9%, 1.263E+00, 0.7%, 2.706E-06, 0.6%, 2.319E+00, 0.4%, 1.015E-09, 5.6%, 1.242E+00, 3.7%
157, 5.140E-08, 0.9%, 1.214E+00, 0.7%, 2.663E-06, 0.6%, 2.323E+00, 0.4%, 9.090E-10, 6.1%, 1.271E+00, 4.3%, 4.851E-08, 0.9%, 1.275E+00, 0.7%, 2.661E-06, 0.6%, 2.325E+00, 0.4%, 9.090E-10, 6.1%, 1.271E+00, 4.3%
158, 5.001E-08, 0.9%, 1.208E+00, 0.7%, 2.619E-06, 0.6%, 2.329E+00, 0.4%, 9.295E-10, 5.8%, 1.167E+00, 3.9%, 4.710E-08, 0.9%, 1.270E+00, 0.7%, 2.617E-06, 0.6%, 2.331E+00, 0.4%, 9.295E-10, 5.8%, 1.167E+00, 3.9%
159, 4.964E-08, 0.9%, 1.204E+00, 0.7%, 2.577E-06, 0.6%, 2.334E+00, 0.4%, 9.582E-10, 5.8%, 1.202E+00, 3.8%, 4.679E-08, 0.9%, 1.266E+00, 0.7%, 2.576E-06, 0.6%, 2.335E+00, 0.4%, 9.582E-10, 5.8%, 1.202E+00, 3.8%
160, 4.834E-08, 0.9%, 1.211E+00, 0.7%, 2.532E-06, 0.6%, 2.339E+00, 0.4%, 9.492E-10, 5.9%, 1.211E+00, 3.9%, 4.563E-08, 0.9%, 1.273E+00, 0.7%, 2.531E-06, 0.6%, 2.340E+00, 0.4%, 9.492E-10, 5.9%, 1.211E+00, 3.9%
161, 4.830E-08, 0.9%, 1.208E+00, 0.8%, 2.486E-06, 0.6%, 2.346E+00, 0.4%, 8.766E-10, 6.2%, 1.290E+00, 4.5%, 4.551E-08, 0.9%, 1.271E+00, 0.7%, 2.484E-06, 0.6%, 2.347E+00, 0.4%, 8.766E-10, 6.2%, 1.290E+00, 4.5%
162, 4.664E-08, 0.9%, 1.222E+00, 0.8%, 2.447E-06, 0.6%, 2.350E+00, 0.4%, 1.020E-09, 5.5%, 1.253E+00, 3.5%, 4.394E-08, 0.9%, 1.286E+00, 0.8%, 2.445E-06, 0.6%, 2.352E+00, 0.4%, 1.020E-09, 5.5%, 1.253E+00, 3.5%
163, 4.687E-08, 0.9%, 1.222E+00, 0.8%, 2.404E-06, 0.6%, 2.356E+00, 0.4%, 8.598E-10, 5.9%, 1.126E+00, 4.5%, 4.416E-08, 0.9%, 1.285E+00, 0.8%, 2.402E-06, 0.6%, 2.358E+00, 0.4%, 8.598E-10, 5.9%, 1.126E+00, 4.5%
164, 4.613E-08, 0.9%, 1.224E+00, 0.8%, 2.364E-06, 0.6%, 2.362E+00, 0.4%, 8.650E-10, 6.1%, 1.221E+00, 5.0%, 4.354E-08, 0.9%, 1.286E+00, 0.7%, 2.363E-06, 0.6%, 2.363E+00, 0.4%, 8.650E-10, 6.1%, 1.221E+00, 5.0%
165, 3.514E-08, 0.2%, 1.249E+00, 0.2%, 1.712E-06, 0.6%, 2.460E+00, 0.4%, 7.063E-10, 1.2%, 1.212E+00, 0.9%, 3.307E-08, 0.2%, 1.315E+00, 0.2%, 1.711E-06, 0.6%, 2.461E+00, 0.4%, 7.063E-10, 1.2%, 1.212E+00, 0.9%
166, 4.858E-11, 2.5%, 8.933E-01, 2.0%, 9.584E-09, 0.5%, 1.588E+00, 0.3%, 9.838E-13, 11.3%, 1.097E+00, 4.8%, 4.639E-11, 2.5%, 9.301E-01, 2.0%, 9.524E-09, 0.5%, 1.596E+00, 0.3%, 9.838E-13, 11.3%, 1.097E+00, 4.8%
167, 7.952E-11, 1.8%, 9.163E-01, 1.2%, 9.683E-09, 0.5%, 1.570E+00, 0.3%, 1.490E-12, 11.2%, 9.912E-01, 6.0%, 7.538E-11, 1.8%, 9.587E-01, 1.2%, 9.620E-09, 0.5%, 1.578E+00, 0.3%, 1.490E-12, 11.2%, 9.912E-01, 6.0%
168, 1.025E-10, 1.6%, 9.434E-01, 0.9%, 9.749E-09, 0.5%, 1.557E+00, 0.3%, 1.728E-12, 8.3%, 1.044E+00, 4.4%, 9.729E-11, 1.6%, 9.857E-01, 0.9%, 9.684E-09, 0.5%, 1.565E+00, 0.3%, 1.728E-12, 8.3%, 1.044E+00, 4.4%
169, 1.187E-10, 1.4%, 9.600E-01, 0.8%, 9.816E-09, 0.5%, 1.544E+00, 0.3%, 2.053E-12, 8.0%, 1.030E+00, 4.7%, 1.123E-10, 1.4%, 1.005E+00, 0.8%, 9.747E-09, 0.5%, 1.552E+00, 0.3%, 2.053E-12, 8.0%, 1.030E+00, 4.7%
170, 1.293E-10, 1.3%, 9.740E-01, 0.7%, 9.865E-09, 0.5%, 1.533E+00, 0.3%, 2.083E-12, 7.2%, 1.090E+00, 3.8%, 1.223E-10, 1.3%, 1.021E+00, 0.7%, 9.794E-09, 0.5%, 1.542E+00, 0.3%, 2.083E-12, 7.2%, 1.090E+00, 3.8%
171, 1.380E-10, 1.2%, 9.881E-01, 0.7%, 9.913E-09, 0.5%, 1.523E+00, 0.3%, 2.103E-12, 5.9%, 1.063E+00, 3.7%, 1.302E-10, 1.2%, 1.037E+00, 0.7%, 9.840E-09, 0.5%, 1.532E+00, 0.3%, 2.103E-12, 5.9%, 1.063E+00, 3.7%
172, 1.455E-10, 1.2%, 9.981E-01, 0.7%, 9.960E-09, 0.5%, 1.514E+00, 0.3%, 2.203E-12, 6.0%, 1.050E+00, 3.7%, 1.377E-10, 1.2%, 1.045E+00, 0.7%, 9.886E-09, 0.5%, 1.522E+00, 0.4%, 2.203E-12, 6.0%, 1.050E+00, 3.7%
173, 1.514E-10, 1.2%, 9.948E-01, 0.7%, 9.997E-09, 0.5%, 1.505E+00, 0.3%, 2.376E-12, 8.2%, 1.148E+00, 4.7%, 1.429E-10, 1.1%, 1.043E+00, 0.7%, 9.922E-09, 0.5%, 1.513E+00, 0.3%, 2.376E-12, 8.2%, 1.148E+00, 4.7%
174, 1.563E-10, 1.1%, 9.958E-01, 0.7%, 1.003E-08, 0.5%, 1.497E+00, 0.3%, 2.610E-12, 8.6%, 1.099E+00, 5.4%, 1.476E-10, 1.1%, 1.044E+00, 0.7%, 9.947E-09, 0.4%, 1.506E+00, 0.3%, 2.610E-12, 8.6%, 1.099E+00, 5.4%
175, 1.589E-10, 1.2%, 1.001E+00, 0.7%, 1.005E-08, 0.4%, 1.490E+00, 0.3%, 2.475E-12, 7.3%, 1.141E+00, 4.5%, 1.501E-10, 1.2%, 1.050E+00, 0.7%, 9.975E-09, 0.4%, 1.499E+00, 0.3%, 2.475E-12, 7.3%, 1.141E+00, 4.5%
176, 1.633E-10, 1.2%, 9.954E-01, 0.7%, 1.009E-08, 0.4%, 1.481E+00, 0.3%, 2.448E-12, 7.0%, 1.107E+00, 4.1%, 1.542E-10, 1.2%, 1.044E+00, 0.7%, 1.001E-08, 0.4%, 1.490E+00, 0.3%, 2.448E-12, 7.0%, 1.107E+00, 4.1%
177, 1.623E-10, 1.1%, 1.000E+00, 0.7%, 1.012E-08, 0.5%, 1.474E+00, 0.3%, 2.476E-12, 8.9%, 1.088E+00, 4.4%, 1.532E-10, 1.1%, 1.050E+00, 0.7%, 1.004E-08, 0.5%, 1.483E+00, 0.3%, 2.476E-12, 8.9%, 1.088E+00, 4.4%
178, 1.644E-10, 1.2%, 1.002E+00, 0.7%, 1.014E-08, 0.4%, 1.467E+00, 0.3%, 2.481E-12, 8.6%, 1.184E+00, 6.3%, 1.555E-10, 1.2%, 1.050E+00, 0.7%, 1.005E-08, 0.4%, 1.477E+00, 0.3%, 2.481E-12, 8.6%, 1.184E+00, 6.3%
179, 1.634E-10, 1.2%, 1.006E+00, 0.7%, 1.016E-08, 0.4%, 1.461E+00, 0.3%, 2.546E-12, 8.8%, 1.161E+00, 5.9%, 1.544E-10, 1.2%, 1.055E+00, 0.7%, 1.007E-08, 0.4%, 1.470E+00, 0.3%, 2.546E-12, 8.8%, 1.161E+00, 5.9%
180, 1.633E-10, 1.1%, 1.001E+00, 0.7%, 1.018E-08, 0.4%, 1.454E+00, 0.3%, 2.182E-12, 5.0%, 1.148E+00, 3.9%, 1.542E-10, 1.1%, 1.050E+00, 0.7%, 1.010E-08, 0.4%, 1.463E+00, 0.3%, 2.182E-12, 5.0%, 1.148E+00, 3.9%
181, 1.636E-10, 1.2%, 1.005E+00, 0.7%, 1.020E-08, 0.4%, 1.448E+00, 0.3%, 2.380E-12, 7.0%, 1.079E+00, 4.3%, 1.546E-10, 1.2%, 1.054E+00, 0.7%, 1.012E-08, 0.4%, 1.457E+00, 0.4%, 2.380E-12, 7.0%, 1.079E+00, 4.3%
182, 1.643E-10, 1.2%, 1.004E+00, 0.7%, 1.021E-08, 0.4%, 1.443E+00, 0.3%, 2.412E-12, 7.9%, 1.046E+00, 3.8%, 1.553E-10, 1.1%, 1.053E+00, 0.7%, 1.012E-08, 0.4%, 1.452E+00, 0.4%, 2.412E-12, 7.9%, 1.046E+00, 3.8%
183, 1.647E-10, 1.2%, 9.966E-01, 0.6%, 1.023E-08, 0.4%, 1.438E+00, 0.3%, 2.448E-12, 7.5%, 1.022E+00, 4.6%, 1.555E-10, 1.1%, 1.046E+00, 0.6%, 1.014E-08, 0.4%, 1.447E+00, 0.4%, 2.448E-12, 7.5%, 1.022E+00, 4.6%
184, 1.651E-10, 1.2%, 9.949E-01, 0.7%, 1.024E-08, 0.4%, 1.432E+00, 0.3%, 2.389E-12, 7.4%, 1.066E+00, 4.4%, 1.558E-10, 1.2%, 1.044E+00, 0.7%, 1.015E-08, 0.4%, 1.442E+00, 0.4%, 2.389E-12, 7.4%, 1.066E+00, 4.4%
185, 1.645E-10, 1.2%, 1.003E+00, 0.7%, 1.025E-08, 0.4%, 1.427E+00, 0.3%, 2.471E-12, 10.5%, 1.086E+00, 3.4%, 1.554E-10, 1.2%, 1.053E+00, 0.7%, 1.016E-08, 0.4%, 1.437E+00, 0.3%, 2.471E-12, 10.5%, 1.086E+00, 3.4%
186, 1.654E-10, 1.2%, 9.937E-01, 0.7%, 1.027E-08, 0.4%, 1.422E+00, 0.3%, 2.541E-12, 8.6%, 1.016E+00, 4.6%, 1.562E-10, 1.2%, 1.042E+00, 0.7%, 1.018E-08, 0.4%, 1.431E+00, 0.3%, 2.541E-12, 8.6%, 1.016E+00, 4.6%
187, 1.649E-10, 1.2%, 9.865E-01, 0.7%, 1.028E-08, 0.5%, 1.416E+00, 0.3%, 2.360E-12, 8.3%, 1.079E+00, 4.1%, 1.556E-10, 1.2%, 1.036E+00, 0.7%, 1.019E-08, 0.5%, 1.426E+00, 0.4%, 2.360E-12, 8.3%, 1.079E+00, 4.1%
188, 1.621E-10, 1.1%, 9.912E-01, 0.6%, 1.027E-08, 0.4%, 1.413E+00, 0.3%, 2.310E-12, 8.1%, 1.128E+00, 4.0%, 1.531E-10, 1.1%, 1.039E+00, 0.6%, 1.018E-08, 0.4%, 1.423E+00, 0.3%, 2.310E-12, 8.1%, 1.128E+00, 4.0%
189, 1.618E-10, 1.1%, 9.863E-01, 0.7%, 1.029E-08, 0.5%, 1.408E+00, 0.3%, 2.141E-12, 5.5%, 1.143E+00, 2.8%, 1.530E-10, 1.1%, 1.033E+00, 0.7%, 1.020E-08, 0.4%, 1.417E+00, 0.4%, 2.141E-12, 5.5%, 1.143E+00, 2.8%
190, 1.604E-10, 1.1%, 9.857E-01, 0.6%, 1.029E-08, 0.5%, 1.404E+00, 0.3%, 2.238E-12, 6.5%, 1.125E+00, 2.8%, 1.518E-10, 1.1%, 1.032E+00, 0.7%, 1.019E-08, 0.4%, 1.414E+00, 0.4%, 2.238E-12, 6.5%, 1.125E+00, 2.8%
191, 1.602E-10, 1.1%, 9.838E-01, 0.6%, 1.027E-08, 0.4%, 1.403E+00, 0.3%, 2.289E-12, 7.1%, 1.111E+00, 2.4%, 1.514E-10, 1.1%, 1.031E+00, 0.6%, 1.018E-08, 0.4%, 1.412E+00, 0.4%, 2.289E-12, 7.1%, 1.111E+00, 2.4%
192, 1.616E-10, 1.2%, 9.775E-01, 0.7%, 1.027E-08, 0.4%, 1.399E+00, 0.3%, 2.406E-12, 8.8%, 1.033E+00, 3.0%, 1.525E-10, 1.2%, 1.026E+00, 0.7%, 1.018E-08, 0.4%, 1.409E+00, 0.4%, 2.406E-12, 8.8%, 1.033E+00, 3.0%
193, 1.597E-10, 1.2%, 9.801E-01, 0.6%, 1.028E-08, 0.4%, 1.394E+00, 0.3%, 2.293E-12, 6.6%, 1.028E+00, 3.7%, 1.508E-10, 1.2%, 1.029E+00, 0.6%, 1.018E-08, 0.4%, 1.404E+00, 0.4%, 2.293E-12, 6.6%, 1.028E+00, 3.7%
194, 1.568E-10, 1.1%, 9.881E-01, 0.7%, 1.027E-08, 0.4%, 1.392E+00, 0.3%, 2.285E-12, 6.7%, 1.072E+00, 3.6%, 1.477E-10, 1.1%, 1.038E+00, 0.7%, 1.017E-08, 0.4%, 1.402E+00, 0.4%, 2.285E-12, 6.7%, 1.072E+00, 3.6%
195, 1.571E-10, 1.1%, 9.903E-01, 0.6%, 1.025E-08, 0.4%, 1.390E+00, 0.3%, 2.332E-12, 7.2%, 1.094E+00, 4.7%, 1.485E-10, 1.1%, 1.038E+00, 0.6%, 1.015E-08, 0.4%, 1.400E+00, 0.3%, 2.332E-12, 7.2%, 1.094E+00, 4.7%
196, 1.588E-10, 1.2%, 9.815E-01, 0.6%, 1.024E-08, 0.4%, 1.387E+00, 0.3%, 2.356E-12, 7.6%, 1.100E+00, 4.4%, 1.501E-10, 1.2%, 1.029E+00, 0.7%, 1.014E-08, 0.4%, 1.397E+00, 0.4%, 2.356E-12, 7.6%, 1.100E+00, 4.4%
197, 1.583E-10, 1.1%, 9.832E-01, 0.7%, 1.024E-08, 0.4%, 1.383E+00, 0.3%, 2.417E-12, 8.1%, 1.073E+00, 3.8%, 1.497E-10, 1.1%, 1.030E+00, 0.7%, 1.014E-08, 0.4%, 1.394E+00, 0.3%, 2.417E-12, 8.1%, 1.073E+00, 3.8%
198, 1.588E-10, 1.2%, 9.867E-01, 0.7%, 1.023E-08, 0.4%, 1.381E+00, 0.3%, 2.513E-12, 8.1%, 1.016E+00, 4.1%, 1.495E-10, 1.1%, 1.037E+00, 0.7%, 1.013E-08, 0.4%, 1.391E+00, 0.4%, 2.513E-12, 8.1%, 1.016E+00, 4.1%
199, 1.587E-10, 1.2%, 9.855E-01, 0.7%, 1.021E-08, 0.4%, 1.379E+00, 0.3%, 2.535E-12, 8.9%, 1.011E+00, 4.3%, 1.496E-10, 1.2%, 1.035E+00, 0.7%, 1.012E-08, 0.4%, 1.389E+00, 0.4%, 2.535E-12, 8.9%, 1.011E+00, 4.3%
200, 1.561E-10, 1.2%, 9.866E-01, 0.7%, 1.020E-08, 0.4%, 1.378E+00, 0.3%, 2.322E-12, 7.7%, 1.001E+00, 4.3%, 1.474E-10, 1.2%, 1.034E+00, 0.7%, 1.010E-08, 0.4%, 1.387E+00, 0.4%, 2.322E-12, 7.7%, 1.001E+00, 4.3%
201, 1.556E-10, 1.2%, 9.809E-01, 0.7%, 1.018E-08, 0.4%, 1.376E+00, 0.3%, 2.058E-12, 5.4%, 1.059E+00, 3.1%, 1.466E-10, 1.1%, 1.030E+00, 0.7%, 1.008E-08, 0.4%, 1.386E+00, 0.4%, 2.058E-12, 5.4%, 1.059E+00, 3.1%
202, 1.551E-10, 1.2%, 9.875E-01, 0.7%, 1.016E-08, 0.4%, 1.375E+00, 0.3%, 2.108E-12, 6.4%, 1.040E+00, 3.7%, 1.464E-10, 1.1%, 1.036E+00, 0.7%, 1.006E-08, 0.4%, 1.385E+00, 0.4%, 2.108E-12, 6.4%, 1.040E+00, 3.7%
203, 1.551E-10, 1.2%, 9.780E-01, 0.7%, 1.014E-08, 0.4%, 1.373E+00, 0.3%, 2.390E-12, 8.8%, 1.020E+00, 4.5%, 1.463E-10, 1.1%, 1.026E+00, 0.7%, 1.005E-08, 0.4%, 1.383E+00, 0.3%, 2.390E-12, 8.8%, 1.020E+00, 4.5%
204, 1.531E-10, 1.1%, 9.830E-01, 0.7%, 1.013E-08, 0.4%, 1.371E+00, 0.4%, 2.109E-12, 6.1%, 1.075E+00, 3.1%, 1.448E-10, 1.1%, 1.030E+00, 0.7%, 1.004E-08, 0.4%, 1.381E+00, 0.4%, 2.109E-12, 6.1%, 1.075E+00, 3.1%
205, 1.526E-10, 1.1%, 9.836E-01, 0.6%, 1.011E-08, 0.4%, 1.370E+00, 0.3%, 1.977E-12, 6.5%, 1.089E+00, 3.5%, 1.443E-10, 1.1%, 1.031E+00, 0.6%, 1.001E-08, 0.4%, 1.380E+00, 0.3%, 1.977E-12, 6.5%, 1.089E+00, 3.5%
206, 1.516E-10, 1.1%, 9.816E-01, 0.6%, 1.008E-08, 0.4%, 1.369E+00, 0.3%, 1.905E-12, 5.1%, 1.123E+00, 1.8%, 1.434E-10, 1.1%, 1.029E+00, 0.6%, 9.981E-09, 0.4%, 1.379E+00, 0.3%, 1.905E-12, 5.1%, 1.123E+00, 1.8%
207, 1.509E-10, 1.1%, 9.890E-01, 0.7%, 1.005E-08, 0.4%, 1.368E+00, 0.3%, 1.990E-12, 6.0%, 1.105E+00, 3.5%, 1.423E-10, 1.1%, 1.038E+00, 0.7%, 9.954E-09, 0.4%, 1.379E+00, 0.3%, 1.990E-12, 6.0%, 1.105E+00, 3.5%
208, 1.521E-10, 1.1%, 9.834E-01, 0.6%, 1.003E-08, 0.4%, 1.367E+00, 0.3%, 2.137E-12, 6.6%, 1.078E+00, 4.2%, 1.437E-10, 1.1%, 1.031E+00, 0.7%, 9.932E-09, 0.4%, 1.377E+00, 0.4%, 2.137E-12, 6.6%, 1.078E+00, 4.2%
209, 1.517E-10, 1.2%, 9.864E-01, 0.6%, 9.997E-09, 0.4%, 1.367E+00, 0.3%, 2.179E-12, 7.2%, 1.058E+00, 4.5%, 1.432E-10, 1.2%, 1.035E+00, 0.6%, 9.897E-09, 0.4%, 1.378E+00, 0.3%, 2.179E-12, 7.2%, 1.058E+00, 4.5%
210, 1.524E-10, 1.2%, 9.828E-01, 0.7%, 9.968E-09, 0.4%, 1.367E+00, 0.3%, 2.348E-12, 9.2%, 1.020E+00, 4.9%, 1.438E-10, 1.2%, 1.032E+00, 0.7%, 9.868E-09, 0.4%, 1.377E+00, 0.4%, 2.348E-12, 9.2%, 1.020E+00, 4.9%
211, 1.505E-10, 1.1%, 9.816E-01, 0.7%, 9.942E-09, 0.4%, 1.367E+00, 0.3%, 2.037E-12, 7.3%, 1.073E+00, 4.4%, 1.421E-10, 1.1%, 1.030E+00, 0.7%, 9.839E-09, 0.4%, 1.377E+00, 0.3%, 2.037E-12, 7.3%, 1.073E+00, 4.4%
212, 1.484E-10, 1.1%, 9.881E-01, 0.7%, 9.899E-09, 0.4%, 1.368E+00, 0.3%, 2.015E-12, 8.2%, 1.088E+00, 3.9%, 1.404E-10, 1.1%, 1.035E+00, 0.7%, 9.801E-09, 0.4%, 1.378E+00, 0.3%, 2.015E-12, 8.2%, 1.088E+00, 3.9%
213, 1.480E-10, 1.1%, 9.880E-01, 0.6%, 9.852E-09, 0.4%, 1.370E+00, 0.3%, 2.028E-12, 6.5%, 1.063E+00, 3.6%, 1.397E-10, 1.1%, 1.037E+00, 0.6%, 9.753E-09, 0.4%, 1.380E+00, 0.3%, 2.028E-12, 6.5%, 1.063E+00, 3.6%
214, 1.489E-10, 1.1%, 9.857E-01, 0.7%, 9.811E-09, 0.4%, 1.371E+00, 0.3%, 2.140E-12, 6.6%, 1.082E+00, 2.8%, 1.408E-10, 1.1%, 1.033E+00, 0.7%, 9.713E-09, 0.4%, 1.381E+00, 0.4%, 2.140E-12, 6.6%, 1.082E+00, 2.8%
215, 1.493E-10, 1.1%, 9.880E-01, 0.7%, 9.737E-09, 0.4%, 1.375E+00, 0.3%, 2.407E-12, 10.0%, 1.033E+00, 2.7%, 1.410E-10, 1.1%, 1.036E+00, 0.7%, 9.642E-09, 0.4%, 1.385E+00, 0.3%, 2.407E-12, 10.0%, 1.033E+00, 2.7%
216, 1.484E-10, 1.2%, 9.949E-01, 0.7%, 9.664E-09, 0.4%, 1.381E+00, 0.3%, 2.313E-12, 9.8%, 1.029E+00, 4.9%, 1.401E-10, 1.2%, 1.044E+00, 0.7%, 9.570E-09, 0.4%, 1.391E+00, 0.3%, 2.313E-12, 9.8%, 1.029E+00, 4.9%
217, 1.497E-10, 1.3%, 9.857E-01, 0.7%, 9.619E-09, 0.4%, 1.383E+00, 0.3%, 2.270E-12, 13.1%, 1.009E+00, 5.8%, 1.413E-10, 1.3%, 1.035E+00, 0.7%, 9.524E-09, 0.4%, 1.393E+00, 0.3%, 2.270E-12, 13.1%, 1.009E+00, 5.8%
218, 1.504E-10, 1.3%, 9.773E-01, 0.7%, 9.580E-09, 0.4%, 1.385E+00, 0.3%, 1.975E-12, 6.1%, 1.026E+00, 4.0%, 1.419E-10, 1.3%, 1.025E+00, 0.7%, 9.486E-09, 0.4%, 1.396E+00, 0.3%, 1.975E-12, 6.1%, 1.026E+00, 4.0%
219, 1.482E-10, 1.2%, 9.810E-01, 0.7%, 9.549E-09, 0.4%, 1.387E+00, 0.3%, 1.924E-12, 5.8%, 1.041E+00, 3.5%, 1.398E-10, 1.2%, 1.030E+00, 0.7%, 9.456E-09, 0.4%, 1.397E+00, 0.3%, 1.924E-12, 5.8%, 1.041E+00, 3.5%
220, 1.487E-10, 1.3%, 9.775E-01, 0.7%, 9.514E-09, 0.4%, 1.388E+00, 0.3%, 1.908E-12, 6.3%, 1.054E+00, 3.3%, 1.409E-10, 1.3%, 1.022E+00, 0.7%, 9.422E-09, 0.4%, 1.398E+00, 0.3%, 1.908E-12, 6.3%, 1.054E+00, 3.3%
221, 1.474E-10, 1.3%, 9.786E-01, 0.7%, 9.487E-09, 0.4%, 1.388E+00, 0.3%, 1.933E-12, 6.5%, 1.053E+00, 3.5%, 1.393E-10, 1.3%, 1.026E+00, 0.7%, 9.395E-09, 0.4%, 1.399E+00, 0.3%, 1.933E-12, 6.5%, 1.053E+00, 3.5%
222, 1.465E-10, 1.3%, 9.814E-01, 0.7%, 9.468E-09, 0.4%, 1.388E+00, 0.3%, 1.971E-12, 8.1%, 1.045E+00, 4.5%, 1.386E-10, 1.3%, 1.028E+00, 0.7%, 9.376E-09, 0.4%, 1.398E+00, 0.3%, 1.971E-12, 8.1%, 1.045E+00, 4.5%
223, 1.460E-10, 1.2%, 9.702E-01, 0.7%, 9.439E-09, 0.4%, 1.389E+00, 0.3%, 1.935E-12, 6.2%, 1.056E+00, 3.0%, 1.380E-10, 1.2%, 1.018E+00, 0.7%, 9.346E-09, 0.4%, 1.399E+00, 0.3%, 1.935E-12, 6.2%, 1.056E+00, 3.0%
224, 1.439E-10, 1.2%, 9.741E-01, 0.7%, 9.415E-09, 0.4%, 1.389E+00, 0.3%, 2.017E-12, 7.3%, 1.048E+00, 5.2%, 1.360E-10, 1.2%, 1.021E+00, 0.7%, 9.322E-09, 0.4%, 1.399E+00, 0.3%, 2.017E-12, 7.3%, 1.048E+00, 5.2%
225, 1.431E-10, 1.2%, 9.774E-01, 0.7%, 9.389E-09, 0.4%, 1.389E+00, 0.3%, 2.015E-12, 7.1%, 1.055E+00, 4.8%, 1.356E-10, 1.2%, 1.022E+00, 0.7%, 9.296E-09, 0.4%, 1.399E+00, 0.3%, 2.015E-12, 7.1%, 1.055E+00, 4.8%
226, 1.420E-10, 1.2%, 9.811E-01, 0.8%, 9.375E-09, 0.4%, 1.388E+00, 0.3%, 2.048E-12, 8.1%, 1.057E+00, 4.7%, 1.342E-10, 1.2%, 1.029E+00, 0.8%, 9.283E-09, 0.4%, 1.398E+00, 0.3%, 2.048E-12, 8.1%, 1.057E+00, 4.7%
227, 1.413E-10, 1.2%, 9.863E-01, 0.7%, 9.366E-09, 0.4%, 1.386E+00, 0.3%, 2.064E-12, 9.1%, 1.081E+00, 6.7%, 1.335E-10, 1.2%, 1.034E+00, 0.7%, 9.273E-09, 0.4%, 1.397E+00, 0.3%, 2.064E-12, 9.1%, 1.081E+00, 6.7%
228, 1.418E-10, 1.2%, 9.860E-01, 0.7%, 9.349E-09, 0.4%, 1.386E+00, 0.3%, 2.008E-12, 6.5%, 1.132E+00, 5.6%, 1.344E-10, 1.2%, 1.032E+00, 0.7%, 9.257E-09, 0.4%, 1.396E+00, 0.3%, 2.008E-12, 6.5%, 1.132E+00, 5.6%
229, 1.417E-10, 1.2%, 9.806E-01, 0.7%, 9.333E-09, 0.4%, 1.385E+00, 0.3%, 1.963E-12, 6.9%, 1.159E+00, 4.7%, 1.340E-10, 1.2%, 1.027E+00, 0.7%, 9.241E-09, 0.4%, 1.396E+00, 0.3%, 1.963E-12, 6.9%, 1.159E+00, 4.7%
230, 1.405E-10, 1.2%, 9.776E-01, 0.7%, 9.324E-09, 0.4%, 1.383E+00, 0.3%, 1.953E-12, 6.7%, 1.136E+00, 5.0%, 1.328E-10, 1.2%, 1.024E+00, 0.7%, 9.232E-09, 0.4%, 1.393E+00, 0.3%, 1.953E-12, 6.7%, 1.136E+00, 5.0%
231, 1.411E-10, 1.2%, 9.801E-01, 0.7%, 9.320E-09, 0.4%, 1.380E+00, 0.3%, 2.014E-12, 7.3%, 1.102E+00, 5.7%, 1.330E-10, 1.2%, 1.029E+00, 0.7%, 9.227E-09, 0.4%, 1.390E+00, 0.3%, 2.014E-12, 7.3%, 1.102E+00, 5.7%
232, 1.422E-10, 1.3%, 9.709E-01, 0.7%, 9.318E-09, 0.4%, 1.377E+00, 0.3%, 2.032E-12, 7.1%, 1.098E+00, 5.5%, 1.348E-10, 1.3%, 1.015E+00, 0.7%, 9.224E-09, 0.4%, 1.388E+00, 0.3%, 2.032E-12, 7.1%, 1.098E+00, 5.5%
233, 1.404E-10, 1.2%, 9.713E-01, 0.7%, 9.318E-09, 0.4%, 1.374E+00, 0.3%, 2.011E-12, 8.1%, 1.105E+00, 5.0%, 1.331E-10, 1.2%, 1.016E+00, 0.7%, 9.224E-09, 0.4%, 1.385E+00, 0.3%, 2.011E-12, 8.1%, 1.105E+00, 5.0%
234, 1.411E-10, 1.3%, 9.720E-01, 0.7%, 9.315E-09, 0.4%, 1.372E+00, 0.3%, 2.007E-12, 6.6%, 1.090E+00, 5.3%, 1.334E-10, 1.3%, 1.019E+00, 0.7%, 9.220E-09, 0.4%, 1.383E+00, 0.3%, 2.007E-12, 6.6%, 1.090E+00, 5.3%
235, 1.417E-10, 1.3%, 9.734E-01, 0.8%, 9.320E-09, 0.4%, 1.369E+00, 0.3%, 2.165E-12, 9.2%, 1.030E+00, 6.4%, 1.340E-10, 1.3%, 1.021E+00, 0.8%, 9.224E-09, 0.4%, 1.379E+00, 0.3%, 2.165E-12, 9.2%, 1.030E+00, 6.4%
236, 1.419E-10, 1.3%, 9.696E-01, 0.8%, 9.324E-09, 0.4%, 1.365E+00, 0.3%, 2.141E-12, 9.7%, 1.076E+00, 4.7%, 1.345E-10, 1.3%, 1.014E+00, 0.8%, 9.228E-09, 0.4%, 1.376E+00, 0.3%, 2.141E-12, 9.7%, 1.076E+00, 4.7%
237, 1.415E-10, 1.3%, 9.677E-01, 0.8%, 9.332E-09, 0.4%, 1.361E+00, 0.3%, 2.087E-12, 8.7%, 1.037E+00, 6.2%, 1.338E-10, 1.3%, 1.013E+00, 0.8%, 9.235E-09, 0.4%, 1.372E+00, 0.3%, 2.087E-12, 8.7%, 1.037E+00, 6.2%
238, 1.394E-10, 1.2%, 9.717E-01, 0.8%, 9.340E-09, 0.4%, 1.357E+00, 0.3%, 2.159E-12, 10.1%, 1.042E+00, 5.9%, 1.317E-10, 1.2%, 1.018E+00, 0.8%, 9.242E-09, 0.4%, 1.368E+00, 0.3%, 2.159E-12, 10.1%, 1.042E+00, 5.9%
239, 1.388E-10, 1.2%, 9.769E-01, 0.7%, 9.356E-09, 0.4%, 1.351E+00, 0.3%, 1.947E-12, 8.2%, 1.107E+00, 5.0%, 1.310E-10, 1.2%, 1.025E+00, 0.8%, 9.258E-09, 0.4%, 1.362E+00, 0.3%, 1.947E-12, 8.2%, 1.107E+00, 5.0%
240, 1.393E-10, 1.3%, 9.786E-01, 0.7%, 9.379E-09, 0.4%, 1.345E+00, 0.3%, 2.139E-12, 12.9%, 1.127E+00, 6.6%, 1.317E-10, 1.3%, 1.026E+00, 0.7%, 9.275E-09, 0.4%, 1.356E+00, 0.3%, 2.139E-12, 12.9%, 1.127E+00, 6.6%
241, 1.373E-10, 1.2%, 9.816E-01, 0.7%, 9.433E-09, 0.4%, 1.335E+00, 0.3%, 1.974E-12, 8.1%, 1.074E+00, 4.8%, 1.299E-10, 1.2%, 1.028E+00, 0.7%, 9.326E-09, 0.4%, 1.347E+00, 0.3%, 1.974E-12, 8.1%, 1.074E+00, 4.8%
242, 1.347E-10, 1.1%, 9.882E-01, 0.7%, 9.476E-09, 0.4%, 1.327E+00, 0.3%, 1.886E-12, 7.4%, 1.093E+00, 4.3%, 1.277E-10, 1.1%, 1.034E+00, 0.7%, 9.369E-09, 0.4%, 1.339E+00, 0.3%, 1.886E-12, 7.4%, 1.093E+00, 4.3%
243, 1.363E-10, 1.1%, 9.842E-01, 0.7%, 9.509E-09, 0.4%, 1.319E+00, 0.3%, 1.758E-12, 5.0%, 1.136E+00, 3.5%, 1.287E-10, 1.1%, 1.033E+00, 0.7%, 9.402E-09, 0.4%, 1.331E+00, 0.3%, 1.758E-12, 5.0%, 1.136E+00, 3.5%
244, 1.376E-10, 1.2%, 9.836E-01, 0.7%, 9.530E-09, 0.4%, 1.314E+00, 0.3%, 1.923E-12, 8.4%, 1.110E+00, 3.8%, 1.301E-10, 1.2%, 1.031E+00, 0.7%, 9.422E-09, 0.4%, 1.325E+00, 0.3%, 1.923E-12, 8.4%, 1.110E+00, 3.8%
245, 1.371E-10, 1.2%, 9.805E-01, 0.7%, 9.545E-09, 0.4%, 1.309E+00, 0.3%, 2.056E-12, 11.1%, 1.050E+00, 4.2%, 1.295E-10, 1.2%, 1.029E+00, 0.7%, 9.436E-09, 0.4%, 1.320E+00, 0.3%, 2.056E-12, 11.1%, 1.050E+00, 4.2%
246, 1.368E-10, 1.1%, 9.820E-01, 0.7%, 9.551E-09, 0.4%, 1.303E+00, 0.3%, 1.920E-12, 6.4%, 1.067E+00, 3.4%, 1.292E-10, 1.1%, 1.029E+00, 0.7%, 9.441E-09, 0.4%, 1.314E+00, 0.3%, 1.920E-12, 6.4%, 1.067E+00, 3.4%
247, 1.374E-10, 1.1%, 9.760E-01, 0.7%, 9.574E-09, 0.4%, 1.293E+00, 0.3%, 1.967E-12, 6.6%, 1.025E+00, 3.2%, 1.297E-10, 1.1%, 1.024E+00, 0.7%, 9.459E-09, 0.4%, 1.305E+00, 0.3%, 1.967E-12, 6.6%, 1.025E+00, 3.2%
248, 1.363E-10, 1.1%, 9.761E-01, 0.6%, 9.585E-09, 0.4%, 1.285E+00, 0.3%, 1.885E-12, 6.9%, 1.068E+00, 3.9%, 1.285E-10, 1.1%, 1.025E+00, 0.7%, 9.469E-09, 0.4%, 1.297E+00, 0.3%, 1.885E-12, 6.9%, 1.068E+00, 3.9%
249, 1.335E-10, 1.1%, 9.788E-01, 0.6%, 9.578E-09, 0.4%, 1.279E+00, 0.3%, 1.974E-12, 8.1%, 1.170E+00, 4.8%, 1.262E-10, 1.1%, 1.026E+00, 0.7%, 9.462E-09, 0.4%, 1.291E+00, 0.3%, 1.974E-12, 8.1%, 1.170E+00, 4.8%
250, 1.332E-10, 1.1%, 9.823E-01, 0.6%, 9.575E-09, 0.4%, 1.273E+00, 0.3%, 2.106E-12, 8.7%, 1.098E+00, 4.6%, 1.256E-10, 1.1%, 1.031E+00, 0.7%, 9.458E-09, 0.4%, 1.285E+00, 0.3%, 2.106E-12, 8.7%, 1.098E+00, 4.6%
251, 1.334E-10, 1.1%, 9.811E-01, 0.6%, 9.567E-09, 0.4%, 1.267E+00, 0.3%, 2.092E-12, 8.3%, 1.106E+00, 5.3%, 1.258E-10, 1.1%, 1.030E+00, 0.6%, 9.450E-09, 0.4%, 1.278E+00, 0.3%, 2.092E-12, 8.3%, 1.106E+00, 5.3%
252, 1.337E-10, 1.1%, 9.788E-01, 0.7%, 9.557E-09, 0.4%, 1.260E+00, 0.3%, 2.091E-12, 9.2%, 1.151E+00, 5.1%, 1.263E-10, 1.1%, 1.027E+00, 0.7%, 9.438E-09, 0.4%, 1.272E+00, 0.3%, 2.091E-12, 9.2%, 1.151E+00, 5.1%
253, 1.319E-10, 1.1%, 9.821E-01, 0.7%, 9.546E-09, 0.4%, 1.255E+00, 0.3%, 2.198E-12, 10.5%, 1.079E+00, 4.3%, 1.247E-10, 1.1%, 1.030E+00, 0.7%, 9.424E-09, 0.4%, 1.267E+00, 0.3%, 2.198E-12, 10.5%, 1.079E+00, 4.3%
254, 1.301E-10, 1.1%, 9.904E-01, 0.7%, 9.526E-09, 0.4%, 1.250E+00, 0.3%, 2.038E-12, 7.8%, 1.142E+00, 4.2%, 1.230E-10, 1.1%, 1.039E+00, 0.7%, 9.406E-09, 0.4%, 1.262E+00, 0.3%, 2.038E-12, 7.8%, 1.142E+00, 4.2%
255, 1.318E-10, 1.2%, 9.788E-01, 0.6%, 9.509E-09, 0.4%, 1.245E+00, 0.3%, 2.186E-12, 8.8%, 1.070E+00, 4.6%, 1.245E-10, 1.2%, 1.027E+00, 0.6%, 9.387E-09, 0.4%, 1.257E+00, 0.3%, 2.186E-12, 8.8%, 1.070E+00, 4.6%
256, 1.301E-10, 1.1%, 9.771E-01, 0.7%, 9.488E-09, 0.4%, 1.240E+00, 0.3%, 2.097E-12, 10.0%, 1.168E+00, 7.3%, 1.228E-10, 1.1%, 1.026E+00, 0.7%, 9.366E-09, 0.4%, 1.252E+00, 0.3%, 2.097E-12, 10.0%, 1.168E+00, 7.3%
257, 1.286E-10, 1.1%, 9.767E-01, 0.7%, 9.465E-09, 0.4%, 1.235E+00, 0.3%, 1.786E-12, 7.6%, 1.143E+00, 4.9%, 1.215E-10, 1.1%, 1.024E+00, 0.7%, 9.343E-09, 0.4%, 1.247E+00, 0.3%, 1.786E-12, 7.6%, 1.143E+00, 4.9%
258, 1.278E-10, 1.1%, 9.783E-01, 0.7%, 9.426E-09, 0.4%, 1.233E+00, 0.3%, 1.761E-12, 7.6%, 1.076E+00, 3.7%, 1.206E-10, 1.1%, 1.026E+00, 0.7%, 9.304E-09, 0.4%, 1.244E+00, 0.3%, 1.761E-12, 7.6%, 1.076E+00, 3.7%
259, 1.264E-10, 1.1%, 9.756E-01, 0.7%, 9.408E-09, 0.4%, 1.228E+00, 0.3%, 1.652E-12, 6.4%, 1.066E+00, 3.5%, 1.192E-10, 1.1%, 1.024E+00, 0.7%, 9.284E-09, 0.4%, 1.240E+00, 0.3%, 1.652E-12, 6.4%, 1.066E+00, 3.5%
260, 1.261E-10, 1.2%, 9.886E-01, 0.7%, 9.399E-09, 0.4%, 1.222E+00, 0.3%, 1.685E-12, 5.7%, 1.095E+00, 4.9%, 1.192E-10, 1.2%, 1.037E+00, 0.7%, 9.272E-09, 0.4%, 1.234E+00, 0.3%, 1.685E-12, 5.7%, 1.095E+00, 4.9%
261, 1.257E-10, 1.1%, 9.854E-01, 0.7%, 9.357E-09, 0.4%, 1.220E+00, 0.3%, 1.553E-12, 4.6%, 1.123E+00, 4.1%, 1.189E-10, 1.1%, 1.033E+00, 0.7%, 9.229E-09, 0.4%, 1.232E+00, 0.3%, 1.553E-12, 4.6%, 1.123E+00, 4.1%
262, 1.256E-10, 1.1%, 9.937E-01, 0.7%, 9.319E-09, 0.4%, 1.216E+00, 0.3%, 1.652E-12, 7.8%, 1.118E+00, 3.1%, 1.185E-10, 1.1%, 1.043E+00, 0.7%, 9.192E-09, 0.4%, 1.229E+00, 0.3%, 1.652E-12, 7.8%, 1.118E+00, 3.1%
263, 1.261E-10, 1.2%, 9.781E-01, 0.7%, 9.276E-09, 0.4%, 1.213E+00, 0.3%, 1.736E-12, 6.2%, 1.108E+00, 3.5%, 1.190E-10, 1.2%, 1.027E+00, 0.7%, 9.149E-09, 0.4%, 1.226E+00, 0.3%, 1.736E-12, 6.2%, 1.108E+00, 3.5%
264, 1.254E-10, 1.2%, 9.773E-01, 0.7%, 9.240E-09, 0.4%, 1.210E+00, 0.3%, 1.885E-12, 7.5%, 1.059E+00, 4.1%, 1.185E-10, 1.2%, 1.025E+00, 0.7%, 9.112E-09, 0.4%, 1.223E+00, 0.3%, 1.885E-12, 7.5%, 1.059E+00, 4.1%
265, 1.233E-10, 1.2%, 9.801E-01, 0.7%, 9.205E-09, 0.4%, 1.208E+00, 0.3%, 1.801E-12, 8.2%, 1.116E+00, 4.1%, 1.163E-10, 1.2%, 1.029E+00, 0.7%, 9.078E-09, 0.4%, 1.220E+00, 0.3%, 1.801E-12, 8.2%, 1.116E+00, 4.1%
266, 1.226E-10, 1.2%, 9.835E-01, 0.7%, 9.170E-09, 0.4%, 1.205E+00, 0.3%, 1.759E-12, 8.6%, 1.056E+00, 4.5%, 1.157E-10, 1.2%, 1.032E+00, 0.7%, 9.042E-09, 0.4%, 1.217E+00, 0.3%, 1.759E-12, 8.6%, 1.056E+00, 4.5%
267, 1.218E-10, 1.2%, 9.755E-01, 0.7%, 9.125E-09, 0.4%, 1.202E+00, 0.3%, 1.771E-12, 6.7%, 1.108E+00, 4.6%, 1.148E-10, 1.2%, 1.025E+00, 0.7%, 8.995E-09, 0.4%, 1.215E+00, 0.3%, 1.771E-12, 6.7%, 1.108E+00, 4.6%
268, 1.215E-10, 1.2%, 9.743E-01, 0.7%, 9.080E-09, 0.4%, 1.200E+00, 0.3%, 1.723E-12, 6.8%, 1.217E+00, 4.7%, 1.147E-10, 1.2%, 1.022E+00, 0.7%, 8.950E-09, 0.4%, 1.213E+00, 0.3%, 1.723E-12, 6.8%, 1.217E+00, 4.7%
269, 1.190E-10, 1.1%, 9.697E-01, 0.7%, 9.040E-09, 0.4%, 1.198E+00, 0.3%, 2.087E-12, 10.4%, 1.107E+00, 3.9%, 1.124E-10, 1.1%, 1.017E+00, 0.7%, 8.912E-09, 0.4%, 1.211E+00, 0.3%, 2.087E-12, 10.4%, 1.107E+00, 3.9%
270, 1.163E-10, 1.1%, 9.808E-01, 0.7%, 9.007E-09, 0.4%, 1.195E+00, 0.3%, 2.042E-12, 9.0%, 1.075E+00, 5.0%, 1.098E-10, 1.1%, 1.029E+00, 0.7%, 8.879E-09, 0.4%, 1.208E+00, 0.3%, 2.042E-12, 9.0%, 1.075E+00, 5.0%
271, 1.158E-10, 1.1%, 9.839E-01, 0.7%, 8.964E-09, 0.4%, 1.192E+00, 0.3%, 1.891E-12, 7.6%, 1.091E+00, 4.6%, 1.093E-10, 1.1%, 1.033E+00, 0.7%, 8.834E-09, 0.4%, 1.205E+00, 0.3%, 1.891E-12, 7.6%, 1.091E+00, 4.6%
272, 1.165E-10, 1.1%, 9.864E-01, 0.7%, 8.905E-09, 0.4%, 1.190E+00, 0.3%, 1.791E-12, 7.2%, 1.050E+00, 4.6%, 1.099E-10, 1.1%, 1.036E+00, 0.7%, 8.772E-09, 0.4%, 1.204E+00, 0.3%, 1.790E-12, 7.2%, 1.050E+00, 4.6%
273, 1.160E-10, 1.2%, 9.832E-01, 0.8%, 8.852E-09, 0.4%, 1.187E+00, 0.3%, 1.665E-12, 7.3%, 1.097E+00, 3.9%, 1.096E-10, 1.1%, 1.031E+00, 0.8%, 8.721E-09, 0.4%, 1.200E+00, 0.3%, 1.665E-12, 7.3%, 1.097E+00, 3.9%
274, 1.147E-10, 1.1%, 9.771E-01, 0.8%, 8.804E-09, 0.4%, 1.184E+00, 0.3%, 1.640E-12, 7.6%, 1.083E+00, 4.0%, 1.085E-10, 1.1%, 1.024E+00, 0.8%, 8.673E-09, 0.4%, 1.197E+00, 0.3%, 1.640E-12, 7.6%, 1.083E+00, 4.0%
275, 1.145E-10, 1.2%, 9.824E-01, 0.8%, 8.738E-09, 0.4%, 1.182E+00, 0.3%, 1.672E-12, 8.1%, 9.921E-01, 2.9%, 1.080E-10, 1.2%, 1.031E+00, 0.8%, 8.606E-09, 0.4%, 1.196E+00, 0.3%, 1.672E-12, 8.1%, 9.921E-01, 2.9%
276, 1.130E-10, 1.2%, 9.864E-01, 0.8%, 8.686E-09, 0.4%, 1.180E+00, 0.3%, 1.471E-12, 6.1%, 1.013E+00, 3.3%, 1.067E-10, 1.2%, 1.034E+00, 0.8%, 8.555E-09, 0.4%, 1.193E+00, 0.3%, 1.471E-12, 6.1%, 1.013E+00, 3.3%
277, 1.122E-10, 1.2%, 9.855E-01, 0.7%, 8.622E-09, 0.4%, 1.178E+00, 0.3%, 1.435E-12, 5.5%, 1.106E+00, 2.7%, 1.059E-10, 1.2%, 1.034E+00, 0.7%, 8.492E-09, 0.4%, 1.192E+00, 0.3%, 1.435E-12, 5.5%, 1.106E+00, 2.7%
278, 1.113E-10, 1.2%, 9.789E-01, 0.7%, 8.563E-09, 0.4%, 1.177E+00, 0.3%, 1.674E-12, 8.8%, 1.110E+00, 3.9%, 1.049E-10, 1.2%, 1.028E+00, 0.7%, 8.433E-09, 0.4%, 1.190E+00, 0.3%, 1.674E-12, 8.8%, 1.110E+00, 3.9%
279, 1.094E-10, 1.2%, 9.720E-01, 0.7%, 8.506E-09, 0.4%, 1.175E+00, 0.3%, 1.622E-12, 8.1%, 1.067E+00, 4.8%, 1.032E-10, 1.2%, 1.020E+00, 0.7%, 8.378E-09, 0.4%, 1.188E+00, 0.3%, 1.622E-12, 8.1%, 1.067E+00, 4.8%
280, 1.072E-10, 1.1%, 9.730E-01, 0.7%, 8.449E-09, 0.4%, 1.173E+00, 0.3%, 1.468E-12, 6.8%, 1.116E+00, 4.7%, 1.012E-10, 1.1%, 1.021E+00, 0.7%, 8.322E-09, 0.4%, 1.187E+00, 0.3%, 1.468E-12, 6.8%, 1.116E+00, 4.7%
281, 1.071E-10, 1.1%, 9.763E-01, 0.7%, 8.392E-09, 0.4%, 1.172E+00, 0.3%, 1.582E-12, 7.9%, 1.108E+00, 4.3%, 1.010E-10, 1.1%, 1.025E+00, 0.7%, 8.264E-09, 0.4%, 1.185E+00, 0.3%, 1.582E-12, 7.9%, 1.108E+00, 4.3%
282, 1.060E-10, 1.1%, 9.825E-01, 0.7%, 8.332E-09, 0.4%, 1.171E+00, 0.3%, 1.598E-12, 8.0%, 1.036E+00, 4.2%, 1.001E-10, 1.1%, 1.031E+00, 0.7%, 8.204E-09, 0.4%, 1.184E+00, 0.3%, 1.598E-12, 8.0%, 1.036E+00, 4.2%
283, 1.061E-10, 1.1%, 9.878E-01, 0.8%, 8.262E-09, 0.4%, 1.170E+00, 0.3%, 1.516E-12, 8.4%, 1.120E+00, 3.1%, 1.003E-10, 1.2%, 1.035E+00, 0.8%, 8.133E-09, 0.4%, 1.184E+00, 0.3%, 1.516E-12, 8.4%, 1.120E+00, 3.1%
284, 1.058E-10, 1.2%, 9.820E-01, 0.8%, 8.206E-09, 0.4%, 1.168E+00, 0.3%, 1.630E-12, 9.0%, 1.034E+00, 3.6%, 9.992E-11, 1.2%, 1.030E+00, 0.8%, 8.078E-09, 0.4%, 1.182E+00, 0.3%, 1.629E-12, 9.0%, 1.034E+00, 3.6%
285, 1.042E-10, 1.2%, 9.749E-01, 0.8%, 8.138E-09, 0.4%, 1.168E+00, 0.3%, 1.559E-12, 8.0%, 1.018E+00, 2.9%, 9.828E-11, 1.2%, 1.023E+00, 0.8%, 8.012E-09, 0.4%, 1.182E+00, 0.3%, 1.559E-12, 8.0%, 1.018E+00, 2.9%
286, 1.025E-10, 1.1%, 9.765E-01, 0.7%, 8.066E-09, 0.4%, 1.169E+00, 0.3%, 1.471E-12, 8.2%, 1.024E+00, 3.5%, 9.692E-11, 1.1%, 1.024E+00, 0.8%, 7.941E-09, 0.4%, 1.182E+00, 0.3%, 1.471E-12, 8.2%, 1.024E+00, 3.5%
287, 1.013E-10, 1.1%, 9.779E-01, 0.7%, 8.013E-09, 0.4%, 1.167E+00, 0.3%, 1.269E-12, 5.3%, 1.094E+00, 3.2%, 9.578E-11, 1.1%, 1.025E+00, 0.7%, 7.887E-09, 0.4%, 1.181E+00, 0.3%, 1.269E-12, 5.3%, 1.094E+00, 3.2%
288, 1.013E-10, 1.2%, 9.751E-01, 0.7%, 7.945E-09, 0.4%, 1.167E+00, 0.3%, 1.414E-12, 8.4%, 1.068E+00, 2.8%, 9.558E-11, 1.2%, 1.023E+00, 0.7%, 7.820E-09, 0.4%, 1.181E+00, 0.3%, 1.414E-12, 8.4%, 1.068E+00, 2.8%
289, 1.003E-10, 1.2%, 9.711E-01, 0.6%, 7.877E-09, 0.4%, 1.166E+00, 0.3%, 1.276E-12, 5.6%, 1.063E+00, 2.2%, 9.481E-11, 1.2%, 1.018E+00, 0.6%, 7.754E-09, 0.4%, 1.180E+00, 0.3%, 1.276E-12, 5.6%, 1.063E+00, 2.2%
290, 9.987E-11, 1.2%, 9.602E-01, 0.6%, 7.811E-09, 0.4%, 1.166E+00, 0.3%, 1.377E-12, 7.0%, 1.104E+00, 4.7%, 9.404E-11, 1.2%, 1.009E+00, 0.6%, 7.686E-09, 0.4%, 1.180E+00, 0.3%, 1.377E-12, 7.0%, 1.104E+00, 4.7%
291, 9.697E-11, 1.1%, 9.696E-01, 0.6%, 7.734E-09, 0.4%, 1.167E+00, 0.3%, 1.322E-12, 6.8%, 1.098E+00, 4.1%, 9.152E-11, 1.1%, 1.017E+00, 0.6%, 7.610E-09, 0.4%, 1.181E+00, 0.3%, 1.322E-12, 6.8%, 1.098E+00, 4.1%
292, 9.737E-11, 1.2%, 9.712E-01, 0.7%, 7.673E-09, 0.4%, 1.166E+00, 0.3%, 1.518E-12, 11.0%, 1.075E+00, 3.1%, 9.178E-11, 1.2%, 1.020E+00, 0.7%, 7.548E-09, 0.4%, 1.180E+00, 0.3%, 1.518E-12, 11.0%, 1.075E+00, 3.1%
293, 9.525E-11, 1.1%, 9.777E-01, 0.7%, 7.611E-09, 0.4%, 1.166E+00, 0.3%, 1.339E-12, 7.6%, 1.064E+00, 4.6%, 8.995E-11, 1.1%, 1.025E+00, 0.7%, 7.487E-09, 0.4%, 1.180E+00, 0.3%, 1.339E-12, 7.6%, 1.064E+00, 4.6%
294, 9.630E-11, 1.2%, 9.752E-01, 0.7%, 7.552E-09, 0.4%, 1.165E+00, 0.3%, 1.321E-12, 9.2%, 1.058E+00, 4.3%, 9.066E-11, 1.1%, 1.024E+00, 0.7%, 7.427E-09, 0.4%, 1.179E+00, 0.3%, 1.321E-12, 9.2%, 1.058E+00, 4.3%
295, 9.609E-11, 1.2%, 9.755E-01, 0.7%, 7.492E-09, 0.4%, 1.164E+00, 0.3%, 1.211E-12, 6.6%, 1.078E+00, 3.7%, 9.048E-11, 1.2%, 1.025E+00, 0.7%, 7.368E-09, 0.4%, 1.178E+00, 0.3%, 1.211E-12, 6.6%, 1.078E+00, 3.7%
296, 9.459E-11, 1.2%, 9.756E-01, 0.7%, 7.418E-09, 0.4%, 1.165E+00, 0.3%, 1.300E-12, 7.2%, 1.098E+00, 3.8%, 8.944E-11, 1.2%, 1.022E+00, 0.7%, 7.294E-09, 0.4%, 1.179E+00, 0.3%, 1.300E-12, 7.2%, 1.098E+00, 3.8%
297, 9.273E-11, 1.1%, 9.712E-01, 0.7%, 7.357E-09, 0.4%, 1.164E+00, 0.3%, 1.452E-12, 9.0%, 1.036E+00, 5.3%, 8.773E-11, 1.1%, 1.018E+00, 0.7%, 7.234E-09, 0.4%, 1.179E+00, 0.3%, 1.452E-12, 9.0%, 1.036E+00, 5.3%
298, 9.240E-11, 1.2%, 9.874E-01, 0.7%, 7.295E-09, 0.4%, 1.164E+00, 0.3%, 1.519E-12, 8.5%, 1.130E+00, 5.3%, 8.723E-11, 1.2%, 1.036E+00, 0.8%, 7.173E-09, 0.4%, 1.179E+00, 0.3%, 1.519E-12, 8.5%, 1.130E+00, 5.3%
299, 9.253E-11, 1.2%, 9.986E-01, 0.8%, 7.220E-09, 0.4%, 1.166E+00, 0.3%, 1.596E-12, 10.9%, 1.137E+00, 6.2%, 8.730E-11, 1.2%, 1.048E+00, 0.8%, 7.098E-09, 0.4%, 1.180E+00, 0.3%, 1.596E-12, 10.9%, 1.137E+00, 6.2%
300, 9.312E-11, 1.2%, 9.892E-01, 0.8%, 7.160E-09, 0.4%, 1.165E+00, 0.3%, 1.449E-12, 10.0%, 1.116E+00, 6.0%, 8.805E-11, 1.2%, 1.037E+00, 0.8%, 7.038E-09, 0.4%, 1.180E+00, 0.3%, 1.449E-12, 10.0%, 1.116E+00, 6.0%
301, 9.089E-11, 1.2%, 9.979E-01, 0.8%, 7.094E-09, 0.4%, 1.165E+00, 0.3%, 1.263E-12, 7.2%, 1.032E+00, 4.0%, 8.562E-11, 1.2%, 1.049E+00, 0.8%, 6.973E-09, 0.4%, 1.180E+00, 0.3%, 1.263E-12, 7.2%, 1.032E+00, 4.0%
302, 9.088E-11, 1.3%, 9.900E-01, 0.7%, 7.025E-09, 0.4%, 1.166E+00, 0.3%, 1.198E-12, 6.3%, 1.111E+00, 3.3%, 8.569E-11, 1.3%, 1.039E+00, 0.7%, 6.905E-09, 0.4%, 1.181E+00, 0.3%, 1.198E-12, 6.3%, 1.111E+00, 3.3%
303, 8.979E-11, 1.2%, 9.874E-01, 0.7%, 6.950E-09, 0.4%, 1.167E+00, 0.3%, 1.320E-12, 9.3%, 1.110E+00, 5.2%, 8.469E-11, 1.2%, 1.036E+00, 0.7%, 6.829E-09, 0.4%, 1.183E+00, 0.3%, 1.320E-12, 9.3%, 1.110E+00, 5.2%
304, 9.094E-11, 1.3%, 9.784E-01, 0.7%, 6.883E-09, 0.4%, 1.167E+00, 0.3%, 1.344E-12, 10.2%, 1.143E+00, 4.9%, 8.586E-11, 1.3%, 1.027E+00, 0.7%, 6.762E-09, 0.4%, 1.183E+00, 0.3%, 1.344E-12, 10.2%, 1.143E+00, 4.9%
305, 8.884E-11, 1.3%, 9.761E-01, 0.7%, 6.817E-09, 0.4%, 1.168E+00, 0.3%, 1.419E-12, 10.1%, 1.050E+00, 4.8%, 8.362E-11, 1.3%, 1.026E+00, 0.7%, 6.699E-09, 0.4%, 1.183E+00, 0.3%, 1.419E-12, 10.1%, 1.050E+00, 4.8%
306, 8.600E-11, 1.2%, 9.725E-01, 0.7%, 6.745E-09, 0.4%, 1.170E+00, 0.3%, 1.352E-12, 9.4%, 1.002E+00, 3.7%, 8.126E-11, 1.2%, 1.020E+00, 0.7%, 6.628E-09, 0.4%, 1.185E+00, 0.3%, 1.352E-12, 9.4%, 1.002E+00, 3.7%
307, 8.550E-11, 1.2%, 9.709E-01, 0.7%, 6.675E-09, 0.4%, 1.171E+00, 0.3%, 1.209E-12, 6.6%, 9.786E-01, 3.6%, 8.065E-11, 1.2%, 1.019E+00, 0.7%, 6.559E-09, 0.4%, 1.187E+00, 0.3%, 1.209E-12, 6.6%, 9.787E-01, 3.6%
308, 8.475E-11, 1.3%, 9.820E-01, 0.7%, 6.624E-09, 0.4%, 1.170E+00, 0.3%, 1.170E-12, 7.8%, 1.018E+00, 3.3%, 7.986E-11, 1.2%, 1.032E+00, 0.7%, 6.508E-09, 0.4%, 1.185E+00, 0.3%, 1.170E-12, 7.8%, 1.018E+00, 3.3%
309, 8.342E-11, 1.2%, 9.875E-01, 0.7%, 6.571E-09, 0.4%, 1.169E+00, 0.3%, 1.053E-12, 5.1%, 1.061E+00, 1.8%, 7.874E-11, 1.2%, 1.036E+00, 0.8%, 6.456E-09, 0.4%, 1.184E+00, 0.3%, 1.053E-12, 5.1%, 1.061E+00, 1.8%
310, 8.402E-11, 1.3%, 9.895E-01, 0.8%, 6.497E-09, 0.4%, 1.171E+00, 0.3%, 1.150E-12, 7.6%, 1.053E+00, 5.0%, 7.938E-11, 1.3%, 1.038E+00, 0.8%, 6.385E-09, 0.4%, 1.186E+00, 0.3%, 1.150E-12, 7.6%, 1.053E+00, 5.0%
311, 8.263E-11, 1.2%, 9.909E-01, 0.8%, 6.434E-09, 0.4%, 1.172E+00, 0.3%, 1.151E-12, 6.8%, 1.095E+00, 4.7%, 7.799E-11, 1.2%, 1.040E+00, 0.8%, 6.321E-09, 0.4%, 1.187E+00, 0.3%, 1.151E-12, 6.8%, 1.095E+00, 4.7%
312, 8.292E-11, 1.3%, 9.803E-01, 0.8%, 6.357E-09, 0.4%, 1.175E+00, 0.3%, 1.256E-12, 9.3%, 1.049E+00, 5.0%, 7.819E-11, 1.2%, 1.029E+00, 0.8%, 6.244E-09, 0.4%, 1.190E+00, 0.3%, 1.256E-12, 9.3%, 1.049E+00, 5.0%
313, 8.284E-11, 1.3%, 9.855E-01, 0.8%, 6.291E-09, 0.4%, 1.176E+00, 0.3%, 1.208E-12, 8.2%, 1.053E+00, 4.9%, 7.805E-11, 1.3%, 1.035E+00, 0.8%, 6.179E-09, 0.4%, 1.192E+00, 0.3%, 1.208E-12, 8.2%, 1.053E+00, 4.9%
314, 8.184E-11, 1.3%, 9.965E-01, 0.9%, 6.228E-09, 0.4%, 1.177E+00, 0.3%, 1.140E-12, 7.8%, 1.050E+00, 4.2%, 7.715E-11, 1.3%, 1.047E+00, 0.9%, 6.118E-09, 0.4%, 1.193E+00, 0.3%, 1.140E-12, 7.8%, 1.050E+00, 4.2%
315, 8.001E-11, 1.2%, 9.851E-01, 0.8%, 6.166E-09, 0.4%, 1.178E+00, 0.3%, 1.231E-12, 9.8%, 1.076E+00, 6.5%, 7.538E-11, 1.2%, 1.035E+00, 0.8%, 6.058E-09, 0.4%, 1.194E+00, 0.3%, 1.231E-12, 9.8%, 1.076E+00, 6.5%
316, 7.873E-11, 1.3%, 9.997E-01, 0.8%, 6.085E-09, 0.4%, 1.182E+00, 0.3%, 1.157E-12, 10.1%, 1.216E+00, 7.9%, 7.432E-11, 1.3%, 1.049E+00, 0.9%, 5.978E-09, 0.4%, 1.198E+00, 0.3%, 1.157E-12, 10.1%, 1.217E+00, 7.9%
317, 7.890E-11, 1.3%, 1.001E+00, 0.8%, 6.019E-09, 0.4%, 1.184E+00, 0.3%, 1.353E-12, 11.0%, 9.997E-01, 3.4%, 7.446E-11, 1.3%, 1.050E+00, 0.8%, 5.913E-09, 0.4%, 1.200E+00, 0.3%, 1.353E-12, 11.0%, 9.998E-01, 3.4%
318, 7.920E-11, 1.3%, 9.849E-01, 0.7%, 5.960E-09, 0.4%, 1.185E+00, 0.3%, 1.155E-12, 8.4%, 9.998E-01, 3.6%, 7.468E-11, 1.3%, 1.034E+00, 0.7%, 5.854E-09, 0.4%, 1.201E+00, 0.3%, 1.155E-12, 8.4%, 9.998E-01, 3.6%
319, 7.766E-11, 1.3%, 9.841E-01, 0.8%, 5.905E-09, 0.4%, 1.185E+00, 0.3%, 1.136E-12, 8.1%, 1.069E+00, 5.7%, 7.315E-11, 1.3%, 1.034E+00, 0.8%, 5.800E-09, 0.4%, 1.201E+00, 0.3%, 1.136E-12, 8.1%, 1.069E+00, 5.7%
320, 7.643E-11, 1.3%, 9.857E-01, 0.8%, 5.845E-09, 0.4%, 1.187E+00, 0.3%, 1.100E-12, 7.6%, 1.088E+00, 5.8%, 7.224E-11, 1.3%, 1.033E+00, 0.8%, 5.741E-09, 0.4%, 1.203E+00, 0.3%, 1.100E-12, 7.6%, 1.088E+00, 5.8%
321, 7.484E-11, 1.2%, 9.972E-01, 0.8%, 5.775E-09, 0.4%, 1.190E+00, 0.3%, 1.120E-12, 9.8%, 1.109E+00, 3.5%, 7.071E-11, 1.2%, 1.046E+00, 0.8%, 5.673E-09, 0.4%, 1.206E+00, 0.3%, 1.120E-12, 9.8%, 1.109E+00, 3.5%
322, 7.333E-11, 1.2%, 9.998E-01, 0.7%, 5.704E-09, 0.4%, 1.193E+00, 0.3%, 1.250E-12, 10.1%, 1.003E+00, 4.3%, 6.916E-11, 1.2%, 1.049E+00, 0.8%, 5.602E-09, 0.4%, 1.209E+00, 0.3%, 1.250E-12, 10.1%, 1.003E+00, 4.3%
323, 7.425E-11, 1.3%, 9.861E-01, 0.7%, 5.644E-09, 0.4%, 1.194E+00, 0.3%, 1.080E-12, 7.4%, 1.015E+00, 4.2%, 7.000E-11, 1.3%, 1.036E+00, 0.7%, 5.545E-09, 0.4%, 1.210E+00, 0.3%, 1.080E-12, 7.4%, 1.015E+00, 4.2%
324, 7.304E-11, 1.3%, 9.968E-01, 0.8%, 5.579E-09, 0.4%, 1.197E+00, 0.3%, 1.055E-12, 8.1%, 1.041E+00, 3.5%, 6.909E-11, 1.3%, 1.044E+00, 0.8%, 5.481E-09, 0.4%, 1.213E+00, 0.3%, 1.055E-12, 8.1%, 1.041E+00, 3.5%
325, 7.293E-11, 1.3%, 9.995E-01, 0.8%, 5.522E-09, 0.4%, 1.199E+00, 0.3%, 1.060E-12, 8.7%, 1.056E+00, 3.8%, 6.892E-11, 1.3%, 1.048E+00, 0.8%, 5.425E-09, 0.4%, 1.215E+00, 0.3%, 1.060E-12, 8.7%, 1.056E+00, 3.8%
326, 7.290E-11, 1.3%, 9.931E-01, 0.8%, 5.470E-09, 0.5%, 1.200E+00, 0.3%, 1.032E-12, 7.8%, 1.105E+00, 3.5%, 6.876E-11, 1.3%, 1.043E+00, 0.8%, 5.373E-09, 0.4%, 1.216E+00, 0.3%, 1.032E-12, 7.8%, 1.105E+00, 3.5%
327, 7.100E-11, 1.3%, 1.003E+00, 0.8%, 5.407E-09, 0.4%, 1.203E+00, 0.3%, 1.041E-12, 8.5%, 1.056E+00, 2.8%, 6.699E-11, 1.3%, 1.052E+00, 0.8%, 5.310E-09, 0.4%, 1.219E+00, 0.3%, 1.041E-12, 8.5%, 1.057E+00, 2.8%
328, 7.115E-11, 1.3%, 9.950E-01, 0.8%, 5.339E-09, 0.4%, 1.207E+00, 0.3%, 1.062E-12, 8.5%, 9.928E-01, 4.3%, 6.717E-11, 1.3%, 1.044E+00, 0.8%, 5.242E-09, 0.4%, 1.224E+00, 0.3%, 1.062E-12, 8.5%, 9.928E-01, 4.3%
329, 5.878E-11, 0.7%, 1.004E+00, 0.3%, 4.065E-09, 0.4%, 1.309E+00, 0.3%, 9.092E-13, 2.7%, 1.087E+00, 1.2%, 5.544E-11, 0.7%, 1.054E+00, 0.3%, 3.993E-09, 0.4%, 1.326E+00, 0.3%, 9.092E-13, 2.7%, 1.087E+00, 1.2%
